batch_id,quality_status,loss_fraction_pct,quality_score,economic_loss_eur
BAT-000001,severe_degradation,20.45,63.8,1384.38
BAT-000002,lost,46.75,18.0,2091.7
BAT-000003,degraded,14.2,76.4,1218.13
BAT-000004,optimal,2.88,94.9,142.64
BAT-000005,severe_degradation,20.29,65.0,1897.28
BAT-000006,optimal,2.34,96.5,210.0
BAT-000007,degraded,7.09,87.5,248.01
BAT-000008,severe_degradation,17.0,71.3,1328.87
BAT-000009,severe_degradation,19.34,68.3,460.44
BAT-000010,degraded,9.7,83.9,670.6
BAT-000011,lost,70.63,5.0,4998.22
BAT-000012,degraded,7.28,89.6,749.42
BAT-000013,optimal,0.4,98.5,25.86
BAT-000014,degraded,12.45,77.8,859.22
BAT-000015,degraded,11.71,82.7,489.24
BAT-000016,severe_degradation,20.24,65.5,1131.26
BAT-000017,degraded,6.8,87.8,351.58
BAT-000018,severe_degradation,34.6,38.9,3073.51
BAT-000019,optimal,4.7,91.1,386.0
BAT-000020,degraded,11.81,79.6,786.23
BAT-000021,degraded,6.85,88.9,569.85
BAT-000022,severe_degradation,21.89,62.2,776.17
BAT-000023,severe_degradation,17.31,71.4,1713.41
BAT-000024,severe_degradation,17.71,69.0,1107.74
BAT-000025,severe_degradation,16.76,70.3,1560.63
BAT-000026,optimal,4.73,92.6,255.11
BAT-000027,severe_degradation,23.99,57.3,1399.02
BAT-000028,severe_degradation,29.5,49.9,1629.04
BAT-000029,severe_degradation,15.93,72.2,1523.31
BAT-000030,optimal,1.9,95.7,131.63
BAT-000031,degraded,5.99,89.5,560.0
BAT-000032,severe_degradation,27.87,52.7,2292.38
BAT-000033,severe_degradation,25.62,57.5,823.29
BAT-000034,degraded,5.23,90.7,172.2
BAT-000035,optimal,4.14,92.9,182.2
BAT-000036,optimal,2.43,94.8,177.59
BAT-000037,severe_degradation,20.54,63.8,1303.18
BAT-000038,severe_degradation,25.15,56.6,2340.67
BAT-000039,lost,72.5,5.0,3121.22
BAT-000040,degraded,13.75,75.8,508.96
BAT-000041,lost,82.86,5.0,5398.3
BAT-000042,optimal,3.36,93.5,83.15
BAT-000043,degraded,13.11,77.7,553.95
BAT-000044,optimal,3.38,94.2,115.18
BAT-000045,degraded,7.26,88.1,443.64
BAT-000046,severe_degradation,21.73,63.3,1567.85
BAT-000047,lost,81.92,5.0,4166.12
BAT-000048,optimal,2.66,94.6,184.14
BAT-000049,lost,77.14,5.0,2968.62
BAT-000050,optimal,4.92,90.9,220.48
BAT-000051,optimal,3.51,92.0,266.64
BAT-000052,optimal,4.44,93.5,272.66
BAT-000053,optimal,0.69,97.8,48.96
BAT-000054,severe_degradation,15.72,74.1,907.67
BAT-000055,degraded,5.73,90.3,360.25
BAT-000056,severe_degradation,16.7,71.7,966.23
BAT-000057,optimal,4.92,90.6,280.62
BAT-000058,severe_degradation,15.5,74.1,797.07
BAT-000059,optimal,4.52,93.5,394.7
BAT-000060,degraded,5.08,90.6,303.93
BAT-000061,severe_degradation,26.06,53.7,1309.28
BAT-000062,severe_degradation,27.22,53.0,2491.41
BAT-000063,degraded,13.79,75.2,717.59
BAT-000064,optimal,3.72,93.9,395.7
BAT-000065,optimal,2.81,93.9,158.46
BAT-000066,degraded,10.2,81.0,546.56
BAT-000067,severe_degradation,20.8,63.7,1317.4
BAT-000068,optimal,3.12,95.3,161.29
BAT-000069,optimal,3.71,93.9,355.99
BAT-000070,optimal,1.35,95.7,123.95
BAT-000071,lost,48.31,18.2,2362.71
BAT-000072,optimal,1.9,96.2,120.75
BAT-000073,severe_degradation,18.34,67.0,782.11
BAT-000074,degraded,14.92,73.9,584.71
BAT-000075,optimal,2.27,95.0,97.25
BAT-000076,optimal,3.53,92.8,84.58
BAT-000077,degraded,8.29,88.0,419.35
BAT-000078,degraded,12.66,78.5,477.46
BAT-000079,degraded,5.71,89.8,229.01
BAT-000080,optimal,2.28,95.2,206.53
BAT-000081,degraded,10.07,81.9,441.44
BAT-000082,optimal,3.24,95.9,155.74
BAT-000083,severe_degradation,16.58,71.0,445.87
BAT-000084,severe_degradation,20.96,65.0,478.91
BAT-000085,lost,43.85,23.6,2944.94
BAT-000086,degraded,5.52,89.1,131.77
BAT-000087,lost,86.47,5.0,2522.88
BAT-000088,optimal,2.97,95.3,109.72
BAT-000089,degraded,6.55,89.7,221.34
BAT-000090,severe_degradation,18.81,66.7,570.66
BAT-000091,optimal,2.3,94.7,126.01
BAT-000092,severe_degradation,16.82,71.1,748.95
BAT-000093,severe_degradation,17.02,71.9,863.36
BAT-000094,optimal,2.1,97.0,141.93
BAT-000095,optimal,3.6,93.5,292.05
BAT-000096,degraded,5.58,90.0,432.74
BAT-000097,severe_degradation,22.65,60.3,1504.9
BAT-000098,degraded,5.0,89.6,121.19
BAT-000099,severe_degradation,16.0,72.5,862.13
BAT-000100,optimal,1.69,97.0,84.0
BAT-000101,optimal,4.14,92.6,312.47
BAT-000102,optimal,0.99,98.5,76.85
BAT-000103,degraded,5.48,92.3,419.73
BAT-000104,severe_degradation,19.13,67.3,728.42
BAT-000105,optimal,4.52,92.3,130.53
BAT-000106,severe_degradation,16.88,71.2,375.26
BAT-000107,severe_degradation,25.52,54.9,1334.45
BAT-000108,severe_degradation,18.98,66.8,1035.64
BAT-000109,severe_degradation,15.22,72.6,990.43
BAT-000110,severe_degradation,15.67,73.6,652.93
BAT-000111,optimal,4.25,92.1,216.62
BAT-000112,degraded,8.08,86.0,553.7
BAT-000113,degraded,14.34,74.3,842.24
BAT-000114,lost,36.93,36.0,1153.34
BAT-000115,lost,74.0,5.0,7794.86
BAT-000116,degraded,9.14,82.3,394.77
BAT-000117,degraded,13.85,76.0,1134.36
BAT-000118,severe_degradation,15.82,72.7,927.29
BAT-000119,lost,73.78,5.0,2833.14
BAT-000120,severe_degradation,23.83,58.7,1024.91
BAT-000121,degraded,13.88,76.8,1259.99
BAT-000122,optimal,4.03,92.7,219.94
BAT-000123,degraded,10.64,82.1,401.19
BAT-000124,degraded,8.1,84.8,294.69
BAT-000125,severe_degradation,18.8,64.9,766.73
BAT-000126,severe_degradation,24.86,56.1,788.31
BAT-000127,optimal,3.81,92.0,150.9
BAT-000128,optimal,4.58,92.3,243.62
BAT-000129,degraded,6.36,88.6,250.93
BAT-000130,degraded,7.07,88.0,427.4
BAT-000131,severe_degradation,20.9,63.7,1015.58
BAT-000132,degraded,7.78,85.4,355.53
BAT-000133,optimal,3.74,92.4,260.9
BAT-000134,lost,86.26,5.0,2209.6
BAT-000135,optimal,3.06,95.2,229.56
BAT-000136,severe_degradation,23.83,57.9,1429.28
BAT-000137,severe_degradation,22.63,60.6,942.06
BAT-000138,optimal,2.9,95.5,204.16
BAT-000139,degraded,12.93,77.6,483.02
BAT-000140,degraded,11.98,78.1,724.39
BAT-000141,degraded,8.96,84.3,591.42
BAT-000142,severe_degradation,18.02,68.6,702.77
BAT-000143,degraded,6.99,86.4,380.34
BAT-000144,degraded,9.93,82.3,479.04
BAT-000145,severe_degradation,16.82,71.6,819.99
BAT-000146,lost,55.5,5.0,2586.16
BAT-000147,lost,43.03,25.4,1401.8
BAT-000148,optimal,3.68,92.0,232.27
BAT-000149,optimal,4.7,91.9,144.14
BAT-000150,severe_degradation,24.27,56.9,704.54
BAT-000151,severe_degradation,26.7,53.7,1345.64
BAT-000152,optimal,0.93,97.4,24.49
BAT-000153,degraded,6.61,86.8,546.39
BAT-000154,lost,41.68,30.0,1796.44
BAT-000155,degraded,7.84,86.9,289.3
BAT-000156,optimal,1.92,96.9,151.03
BAT-000157,severe_degradation,16.25,72.7,962.72
BAT-000158,degraded,7.33,86.4,556.68
BAT-000159,degraded,13.93,75.3,1088.56
BAT-000160,degraded,5.79,88.2,317.91
BAT-000161,degraded,11.29,79.7,1077.81
BAT-000162,severe_degradation,17.97,68.0,607.3
BAT-000163,degraded,5.99,90.1,211.58
BAT-000164,lost,57.53,5.0,4217.96
BAT-000165,severe_degradation,24.86,58.6,1818.69
BAT-000166,severe_degradation,18.32,66.6,1730.8
BAT-000167,degraded,13.27,77.0,818.02
BAT-000168,lost,42.8,26.5,3973.23
BAT-000169,degraded,13.85,76.9,957.8
BAT-000170,optimal,4.55,93.2,265.16
BAT-000171,optimal,2.15,95.8,208.13
BAT-000172,optimal,4.89,92.0,362.19
BAT-000173,optimal,3.3,93.2,142.18
BAT-000174,optimal,3.65,92.7,123.44
BAT-000175,degraded,5.71,90.4,341.62
BAT-000176,severe_degradation,27.73,52.6,727.28
BAT-000177,optimal,1.94,95.5,84.16
BAT-000178,severe_degradation,16.9,69.8,1671.37
BAT-000179,degraded,11.92,78.4,706.9
BAT-000180,degraded,6.39,87.4,294.91
BAT-000181,severe_degradation,16.95,70.5,636.78
BAT-000182,degraded,5.26,91.2,376.49
BAT-000183,optimal,2.13,96.4,184.09
BAT-000184,optimal,1.44,98.5,52.26
BAT-000185,severe_degradation,19.97,66.2,710.63
BAT-000186,optimal,3.51,93.6,188.87
BAT-000187,degraded,9.82,82.1,384.63
BAT-000188,lost,38.2,34.8,3284.61
BAT-000189,optimal,3.05,94.4,201.06
BAT-000190,optimal,4.03,93.9,323.1
BAT-000191,degraded,13.3,78.4,518.67
BAT-000192,optimal,2.63,95.4,222.19
BAT-000193,optimal,1.74,95.8,57.58
BAT-000194,severe_degradation,15.81,70.7,835.78
BAT-000195,lost,80.71,5.0,1378.31
BAT-000196,degraded,6.12,89.0,478.56
BAT-000197,optimal,3.29,94.9,241.32
BAT-000198,optimal,3.75,92.2,323.5
BAT-000199,degraded,14.9,73.2,644.84
BAT-000200,degraded,6.59,87.9,452.96
BAT-000201,degraded,9.12,84.1,837.11
BAT-000202,severe_degradation,20.25,64.5,1200.98
BAT-000203,optimal,3.54,93.3,339.42
BAT-000204,severe_degradation,22.62,61.8,549.38
BAT-000205,degraded,11.72,79.9,905.17
BAT-000206,severe_degradation,19.16,67.3,1130.13
BAT-000207,optimal,1.26,98.5,108.98
BAT-000208,degraded,9.04,84.5,464.26
BAT-000209,severe_degradation,16.62,72.0,988.32
BAT-000210,optimal,1.81,95.4,155.28
BAT-000211,degraded,8.58,86.8,678.43
BAT-000212,severe_degradation,22.73,62.4,2027.09
BAT-000213,severe_degradation,18.91,68.1,1725.69
BAT-000214,optimal,1.35,97.2,53.82
BAT-000215,degraded,6.8,89.4,420.37
BAT-000216,degraded,13.84,75.6,1286.7
BAT-000217,severe_degradation,16.91,69.5,478.48
BAT-000218,severe_degradation,25.16,56.8,2355.25
BAT-000219,degraded,14.76,75.4,1358.99
BAT-000220,degraded,9.72,83.3,832.44
BAT-000221,degraded,6.53,90.7,675.39
BAT-000222,lost,74.35,5.0,6083.04
BAT-000223,severe_degradation,18.32,68.2,691.08
BAT-000224,degraded,14.39,73.4,1016.92
BAT-000225,severe_degradation,18.38,68.8,1208.07
BAT-000226,optimal,3.53,92.7,168.45
BAT-000227,severe_degradation,18.54,68.2,674.45
BAT-000228,degraded,11.86,77.4,613.09
BAT-000229,severe_degradation,16.8,71.8,1242.36
BAT-000230,optimal,4.9,92.8,147.72
BAT-000231,severe_degradation,18.62,67.3,753.15
BAT-000232,severe_degradation,27.01,52.4,1054.23
BAT-000233,optimal,4.15,91.4,385.33
BAT-000234,degraded,13.29,78.1,660.52
BAT-000235,degraded,9.34,83.2,349.94
BAT-000236,degraded,10.9,81.2,300.7
BAT-000237,severe_degradation,21.91,60.7,1064.25
BAT-000238,optimal,2.94,93.6,227.92
BAT-000239,degraded,7.93,85.8,354.95
BAT-000240,severe_degradation,16.14,71.7,1356.94
BAT-000241,severe_degradation,19.49,66.8,1374.57
BAT-000242,degraded,7.89,83.8,209.61
BAT-000243,optimal,4.15,92.8,284.82
BAT-000244,severe_degradation,27.25,53.0,1815.09
BAT-000245,degraded,6.97,88.9,527.3
BAT-000246,lost,79.86,5.0,1485.03
BAT-000247,optimal,4.3,91.9,404.24
BAT-000248,optimal,3.03,94.6,250.47
BAT-000249,severe_degradation,17.41,68.7,1300.42
BAT-000250,degraded,7.4,86.8,476.04
BAT-000251,severe_degradation,16.23,73.4,492.29
BAT-000252,degraded,7.73,86.2,331.17
BAT-000253,degraded,12.62,77.5,575.51
BAT-000254,optimal,0.41,98.5,13.34
BAT-000255,degraded,12.0,78.2,850.63
BAT-000256,degraded,9.73,83.3,434.96
BAT-000257,severe_degradation,20.21,65.2,1682.13
BAT-000258,optimal,4.57,91.0,442.57
BAT-000259,optimal,4.85,91.0,449.34
BAT-000260,degraded,12.03,77.3,591.77
BAT-000261,degraded,8.1,86.7,664.74
BAT-000262,degraded,5.26,90.7,171.49
BAT-000263,degraded,6.14,90.3,325.59
BAT-000264,degraded,9.49,83.0,203.5
BAT-000265,severe_degradation,20.69,64.9,1239.12
BAT-000266,optimal,4.45,91.6,183.45
BAT-000267,degraded,8.39,84.9,457.43
BAT-000268,severe_degradation,15.75,71.6,1070.2
BAT-000269,optimal,3.69,93.3,199.08
BAT-000270,severe_degradation,15.23,72.6,461.65
BAT-000271,severe_degradation,18.96,66.8,899.2
BAT-000272,severe_degradation,31.88,44.9,2042.43
BAT-000273,severe_degradation,21.85,63.0,1119.0
BAT-000274,optimal,4.58,91.5,351.1
BAT-000275,optimal,2.51,96.7,97.11
BAT-000276,optimal,2.62,95.3,157.47
BAT-000277,degraded,5.1,92.0,110.46
BAT-000278,severe_degradation,33.6,42.3,1081.14
BAT-000279,optimal,2.21,95.2,194.17
BAT-000280,degraded,12.0,78.4,211.51
BAT-000281,optimal,4.77,90.5,394.31
BAT-000282,degraded,13.44,77.2,736.05
BAT-000283,degraded,5.48,91.7,520.2
BAT-000284,lost,74.63,5.0,3112.82
BAT-000285,optimal,3.61,92.7,96.15
BAT-000286,severe_degradation,18.7,68.1,624.98
BAT-000287,severe_degradation,20.74,62.7,1148.85
BAT-000288,degraded,6.04,89.3,509.87
BAT-000289,optimal,4.71,91.4,321.89
BAT-000290,degraded,5.95,88.4,239.36
BAT-000291,optimal,1.78,97.3,93.48
BAT-000292,degraded,12.17,79.9,325.11
BAT-000293,severe_degradation,15.31,73.3,1685.47
BAT-000294,degraded,9.7,83.0,755.33
BAT-000295,optimal,4.38,90.9,270.01
BAT-000296,optimal,1.97,94.9,158.65
BAT-000297,degraded,5.02,90.4,413.37
BAT-000298,optimal,3.64,94.2,180.21
BAT-000299,degraded,6.09,89.4,264.62
BAT-000300,severe_degradation,19.47,67.4,1936.75
BAT-000301,severe_degradation,28.17,49.9,929.5
BAT-000302,severe_degradation,21.33,63.6,1625.77
BAT-000303,degraded,14.0,75.5,528.21
BAT-000304,degraded,7.25,86.6,210.14
BAT-000305,severe_degradation,25.09,55.4,1039.23
BAT-000306,degraded,8.24,83.2,453.01
BAT-000307,degraded,6.87,89.1,293.21
BAT-000308,degraded,5.14,91.2,294.75
BAT-000309,severe_degradation,20.0,65.2,589.03
BAT-000310,severe_degradation,28.61,50.4,2188.02
BAT-000311,optimal,4.28,92.4,163.86
BAT-000312,degraded,9.18,83.8,889.68
BAT-000313,severe_degradation,16.61,73.5,732.57
BAT-000314,degraded,14.36,74.7,269.7
BAT-000315,degraded,7.13,86.7,420.13
BAT-000316,severe_degradation,32.02,44.0,1270.05
BAT-000317,degraded,9.73,82.8,610.57
BAT-000318,optimal,3.03,93.8,67.02
BAT-000319,optimal,3.01,94.5,107.82
BAT-000320,degraded,10.95,81.2,883.91
BAT-000321,optimal,2.54,95.3,61.07
BAT-000322,optimal,1.46,98.5,69.01
BAT-000323,optimal,2.51,95.2,104.92
BAT-000324,severe_degradation,20.47,66.2,1055.35
BAT-000325,severe_degradation,18.48,67.4,1175.17
BAT-000326,lost,38.65,33.5,2849.72
BAT-000327,degraded,12.22,80.6,526.62
BAT-000328,severe_degradation,34.0,43.3,788.74
BAT-000329,degraded,13.04,77.6,928.76
BAT-000330,degraded,9.3,83.9,481.13
BAT-000331,severe_degradation,17.25,68.7,616.44
BAT-000332,severe_degradation,19.73,66.4,870.12
BAT-000333,degraded,5.31,90.4,120.31
BAT-000334,optimal,1.12,98.5,38.32
BAT-000335,lost,56.64,5.0,3143.46
BAT-000336,degraded,11.45,80.2,560.09
BAT-000337,severe_degradation,22.25,63.2,1460.91
BAT-000338,degraded,6.58,88.6,237.87
BAT-000339,degraded,14.86,74.3,287.45
BAT-000340,degraded,5.09,91.9,215.13
BAT-000341,degraded,12.41,78.6,622.82
BAT-000342,degraded,13.54,75.0,1299.02
BAT-000343,severe_degradation,16.72,70.2,411.16
BAT-000344,severe_degradation,17.06,70.6,867.52
BAT-000345,degraded,8.07,84.5,659.67
BAT-000346,optimal,4.53,91.1,224.73
BAT-000347,optimal,4.52,90.7,275.87
BAT-000348,severe_degradation,15.41,74.0,674.95
BAT-000349,optimal,3.5,93.0,106.26
BAT-000350,optimal,3.55,94.8,87.81
BAT-000351,severe_degradation,18.54,69.2,723.87
BAT-000352,severe_degradation,19.24,67.1,610.31
BAT-000353,optimal,2.23,96.5,148.96
BAT-000354,degraded,8.53,85.1,726.36
BAT-000355,severe_degradation,17.89,69.6,1144.02
BAT-000356,severe_degradation,23.26,60.0,1718.65
BAT-000357,optimal,1.65,96.5,107.14
BAT-000358,optimal,4.19,92.6,182.52
BAT-000359,severe_degradation,22.71,60.4,1206.07
BAT-000360,degraded,6.93,88.5,245.62
BAT-000361,severe_degradation,18.23,68.6,753.19
BAT-000362,severe_degradation,16.27,70.7,1194.48
BAT-000363,severe_degradation,17.16,69.9,652.55
BAT-000364,lost,81.41,5.0,3504.94
BAT-000365,severe_degradation,20.54,63.0,1283.93
BAT-000366,optimal,3.72,93.8,354.59
BAT-000367,degraded,6.39,89.0,337.62
BAT-000368,degraded,14.34,75.2,814.56
BAT-000369,lost,69.26,5.0,4080.45
BAT-000370,optimal,1.35,97.8,107.46
BAT-000371,degraded,5.66,89.4,451.72
BAT-000372,degraded,14.61,72.9,594.08
BAT-000373,lost,94.69,5.0,3541.25
BAT-000374,degraded,13.67,77.0,320.67
BAT-000375,optimal,1.88,95.6,112.95
BAT-000376,severe_degradation,28.98,51.4,1281.11
BAT-000377,severe_degradation,26.81,53.1,1785.78
BAT-000378,optimal,1.76,97.8,165.66
BAT-000379,degraded,6.94,87.0,476.72
BAT-000380,optimal,1.64,97.5,84.95
BAT-000381,severe_degradation,19.97,65.1,1022.77
BAT-000382,lost,70.51,5.0,5606.96
BAT-000383,severe_degradation,18.03,69.7,1565.94
BAT-000384,optimal,1.88,96.0,150.58
BAT-000385,optimal,2.52,96.0,97.1
BAT-000386,severe_degradation,16.52,72.9,1116.91
BAT-000387,severe_degradation,20.28,64.6,1450.89
BAT-000388,optimal,3.41,95.1,72.31
BAT-000389,optimal,2.55,96.8,230.61
BAT-000390,severe_degradation,21.38,64.4,920.01
BAT-000391,degraded,13.82,76.8,1019.61
BAT-000392,severe_degradation,20.95,63.5,1654.29
BAT-000393,degraded,7.16,85.6,561.84
BAT-000394,severe_degradation,16.23,72.5,730.73
BAT-000395,degraded,14.16,75.2,556.52
BAT-000396,optimal,1.38,98.5,51.27
BAT-000397,degraded,9.53,85.2,212.25
BAT-000398,degraded,11.04,80.7,419.75
BAT-000399,severe_degradation,17.0,70.4,454.55
BAT-000400,degraded,12.87,76.7,651.38
BAT-000401,optimal,2.06,96.0,176.11
BAT-000402,optimal,3.43,93.4,296.61
BAT-000403,severe_degradation,21.74,61.8,654.75
BAT-000404,severe_degradation,32.34,44.4,1136.61
BAT-000405,severe_degradation,19.45,66.7,1170.62
BAT-000406,severe_degradation,17.48,68.6,1427.96
BAT-000407,severe_degradation,16.11,71.3,1221.92
BAT-000408,optimal,3.71,94.3,343.52
BAT-000409,optimal,4.28,90.9,215.88
BAT-000410,severe_degradation,24.47,57.5,1710.49
BAT-000411,degraded,14.2,75.7,681.17
BAT-000412,optimal,1.17,98.5,91.33
BAT-000413,degraded,13.27,78.2,471.49
BAT-000414,optimal,4.99,90.4,131.96
BAT-000415,severe_degradation,16.17,70.4,586.69
BAT-000416,degraded,11.81,78.9,548.25
BAT-000417,lost,70.3,5.0,1981.46
BAT-000418,severe_degradation,17.97,69.5,1053.6
BAT-000419,optimal,3.68,94.3,182.62
BAT-000420,degraded,14.0,76.5,362.36
BAT-000421,optimal,3.16,93.3,213.22
BAT-000422,optimal,2.34,95.9,104.13
BAT-000423,lost,52.74,8.3,2267.49
BAT-000424,degraded,5.08,91.3,345.95
BAT-000425,optimal,2.4,95.9,191.86
BAT-000426,severe_degradation,20.3,63.8,1528.97
BAT-000427,severe_degradation,21.69,61.9,2245.11
BAT-000428,lost,39.2,32.4,3468.59
BAT-000429,degraded,5.41,87.8,284.95
BAT-000430,optimal,1.48,97.8,80.72
BAT-000431,degraded,7.57,88.8,211.27
BAT-000432,degraded,9.32,82.3,446.6
BAT-000433,optimal,2.87,95.1,248.44
BAT-000434,severe_degradation,25.93,54.3,1922.35
BAT-000435,optimal,4.83,92.2,245.81
BAT-000436,optimal,2.66,96.3,148.19
BAT-000437,degraded,10.15,82.7,483.5
BAT-000438,degraded,13.89,76.4,755.85
BAT-000439,optimal,1.47,95.9,85.7
BAT-000440,optimal,3.17,94.8,147.23
BAT-000441,optimal,2.03,95.8,117.71
BAT-000442,degraded,9.26,83.8,856.2
BAT-000443,severe_degradation,15.94,71.8,501.83
BAT-000444,degraded,5.55,91.9,125.25
BAT-000445,degraded,9.38,82.3,697.22
BAT-000446,lost,81.27,5.0,3453.51
BAT-000447,severe_degradation,18.55,69.2,1354.35
BAT-000448,optimal,4.23,90.4,132.58
BAT-000449,degraded,8.17,86.3,281.17
BAT-000450,degraded,11.44,81.1,502.06
BAT-000451,optimal,3.88,92.7,323.81
BAT-000452,optimal,3.57,94.0,195.4
BAT-000453,optimal,3.9,92.8,239.22
BAT-000454,optimal,3.13,94.1,226.34
BAT-000455,degraded,7.99,85.0,742.88
BAT-000456,degraded,13.86,76.5,585.74
BAT-000457,optimal,4.31,91.5,419.84
BAT-000458,degraded,6.53,88.3,215.63
BAT-000459,severe_degradation,17.84,67.6,1314.12
BAT-000460,severe_degradation,18.11,70.1,299.46
BAT-000461,degraded,9.35,84.6,644.37
BAT-000462,optimal,3.87,92.1,356.61
BAT-000463,severe_degradation,17.21,68.9,345.35
BAT-000464,optimal,4.93,92.1,284.04
BAT-000465,degraded,14.4,74.9,950.94
BAT-000466,optimal,3.77,93.5,360.33
BAT-000467,severe_degradation,21.33,60.8,915.65
BAT-000468,severe_degradation,19.42,67.0,772.44
BAT-000469,optimal,3.88,90.5,356.2
BAT-000470,degraded,10.24,81.5,228.95
BAT-000471,severe_degradation,24.93,57.1,1301.97
BAT-000472,optimal,2.97,95.5,99.62
BAT-000473,severe_degradation,17.35,68.0,1605.44
BAT-000474,optimal,2.88,93.3,215.44
BAT-000475,degraded,13.28,76.7,516.36
BAT-000476,degraded,10.3,82.5,949.34
BAT-000477,severe_degradation,17.02,69.4,1288.29
BAT-000478,severe_degradation,19.07,67.1,832.15
BAT-000479,optimal,2.59,95.1,229.25
BAT-000480,degraded,13.48,75.5,586.64
BAT-000481,optimal,2.99,95.1,326.42
BAT-000482,lost,35.36,37.8,2168.45
BAT-000483,optimal,3.08,94.7,80.62
BAT-000484,degraded,12.41,78.1,240.52
BAT-000485,severe_degradation,21.07,62.7,1191.18
BAT-000486,degraded,11.58,80.6,847.71
BAT-000487,optimal,3.81,92.7,221.9
BAT-000488,degraded,6.25,89.9,414.94
BAT-000489,degraded,6.69,87.6,457.82
BAT-000490,degraded,5.45,89.1,364.29
BAT-000491,degraded,8.9,84.2,451.55
BAT-000492,severe_degradation,27.11,52.3,867.49
BAT-000493,degraded,9.99,81.5,268.01
BAT-000494,lost,42.78,25.8,3942.18
BAT-000495,degraded,14.64,75.8,753.76
BAT-000496,optimal,4.41,91.1,333.35
BAT-000497,degraded,11.62,81.4,594.53
BAT-000498,severe_degradation,23.18,61.0,1903.74
BAT-000499,degraded,9.62,82.3,426.48
BAT-000500,severe_degradation,18.51,68.9,912.91
BAT-000501,optimal,2.65,95.4,169.38
BAT-000502,degraded,13.19,76.8,628.47
BAT-000503,severe_degradation,16.24,72.5,858.79
BAT-000504,optimal,1.07,98.5,59.47
BAT-000505,degraded,8.16,86.3,410.32
BAT-000506,severe_degradation,19.18,67.6,595.15
BAT-000507,degraded,14.28,74.6,1066.6
BAT-000508,lost,41.94,28.7,3663.82
BAT-000509,degraded,14.14,74.8,1010.47
BAT-000510,degraded,7.51,84.4,363.67
BAT-000511,severe_degradation,18.09,69.3,325.38
BAT-000512,degraded,8.7,85.0,582.44
BAT-000513,optimal,2.82,94.5,82.4
BAT-000514,optimal,3.81,94.7,123.75
BAT-000515,degraded,6.54,86.5,299.37
BAT-000516,optimal,2.38,95.9,134.88
BAT-000517,severe_degradation,16.05,71.5,1086.02
BAT-000518,severe_degradation,28.63,51.5,1980.93
BAT-000519,severe_degradation,19.42,65.9,823.19
BAT-000520,degraded,12.6,79.0,873.48
BAT-000521,severe_degradation,19.03,65.2,793.96
BAT-000522,optimal,3.98,92.8,251.14
BAT-000523,optimal,3.26,93.9,302.74
BAT-000524,severe_degradation,29.94,51.3,2222.82
BAT-000525,optimal,4.3,94.2,184.22
BAT-000526,severe_degradation,29.78,47.6,773.33
BAT-000527,optimal,4.54,92.1,426.17
BAT-000528,degraded,8.75,85.7,551.24
BAT-000529,degraded,5.34,90.4,178.09
BAT-000530,severe_degradation,22.43,61.2,1064.22
BAT-000531,optimal,3.25,95.4,310.59
BAT-000532,severe_degradation,15.18,74.2,653.72
BAT-000533,degraded,7.94,85.4,552.44
BAT-000534,severe_degradation,28.85,49.8,2174.68
BAT-000535,severe_degradation,15.97,73.5,1239.33
BAT-000536,degraded,6.8,90.4,482.5
BAT-000537,lost,79.03,5.0,4310.4
BAT-000538,degraded,6.31,89.6,426.48
BAT-000539,degraded,5.84,90.1,425.62
BAT-000540,optimal,4.5,92.9,294.02
BAT-000541,degraded,11.53,79.9,503.26
BAT-000542,degraded,6.29,90.4,393.93
BAT-000543,severe_degradation,17.99,69.0,557.05
BAT-000544,optimal,3.23,93.8,227.9
BAT-000545,severe_degradation,24.48,56.7,1118.65
BAT-000546,severe_degradation,30.81,46.5,1722.96
BAT-000547,degraded,11.93,79.6,1035.14
BAT-000548,degraded,9.29,83.9,743.35
BAT-000549,severe_degradation,16.25,73.6,493.46
BAT-000550,optimal,3.98,92.4,379.95
BAT-000551,optimal,4.38,92.4,259.8
BAT-000552,degraded,9.28,82.7,885.84
BAT-000553,optimal,4.73,90.6,377.85
BAT-000554,optimal,2.7,93.9,188.8
BAT-000555,optimal,0.65,97.9,51.38
BAT-000556,severe_degradation,18.7,66.0,988.71
BAT-000557,severe_degradation,22.38,64.7,1139.06
BAT-000558,severe_degradation,15.75,72.4,1090.49
BAT-000559,severe_degradation,27.43,52.7,1203.66
BAT-000560,optimal,3.71,91.8,124.13
BAT-000561,optimal,2.2,95.5,88.35
BAT-000562,degraded,6.15,90.1,253.15
BAT-000563,degraded,14.41,75.9,299.19
BAT-000564,degraded,8.61,84.6,180.33
BAT-000565,severe_degradation,31.09,46.4,1893.08
BAT-000566,degraded,11.26,80.8,691.16
BAT-000567,degraded,5.4,90.0,213.97
BAT-000568,severe_degradation,17.53,70.7,1043.73
BAT-000569,severe_degradation,19.72,66.7,469.07
BAT-000570,optimal,3.49,94.6,120.99
BAT-000571,degraded,6.21,88.1,188.48
BAT-000572,optimal,2.86,92.7,269.33
BAT-000573,optimal,1.95,97.8,189.33
BAT-000574,optimal,2.85,94.7,161.63
BAT-000575,optimal,1.36,95.0,102.45
BAT-000576,severe_degradation,22.27,62.6,631.58
BAT-000577,optimal,1.06,97.3,35.29
BAT-000578,degraded,7.42,85.7,438.26
BAT-000579,severe_degradation,23.48,61.1,1313.27
BAT-000580,optimal,4.22,92.1,144.83
BAT-000581,degraded,14.44,76.3,383.99
BAT-000582,optimal,4.15,94.2,242.35
BAT-000583,severe_degradation,31.09,46.3,1159.02
BAT-000584,degraded,13.25,75.1,329.03
BAT-000585,degraded,7.73,85.0,679.0
BAT-000586,severe_degradation,16.01,72.9,641.6
BAT-000587,severe_degradation,16.97,71.1,537.8
BAT-000588,lost,35.35,39.7,2324.53
BAT-000589,degraded,7.5,86.6,530.23
BAT-000590,degraded,13.33,77.2,968.27
BAT-000591,degraded,14.37,76.2,947.71
BAT-000592,degraded,11.28,81.4,777.53
BAT-000593,degraded,9.09,85.3,806.8
BAT-000594,optimal,1.75,97.1,155.92
BAT-000595,optimal,2.8,93.7,164.0
BAT-000596,optimal,3.79,93.0,322.32
BAT-000597,optimal,2.81,95.3,265.73
BAT-000598,optimal,4.96,89.8,356.21
BAT-000599,degraded,7.14,88.2,502.9
BAT-000600,severe_degradation,21.16,63.5,633.4
BAT-000601,severe_degradation,17.54,70.2,1254.12
BAT-000602,optimal,4.12,93.3,132.5
BAT-000603,optimal,1.17,96.2,85.4
BAT-000604,optimal,3.52,94.3,315.35
BAT-000605,severe_degradation,30.94,48.1,1341.34
BAT-000606,severe_degradation,24.14,58.7,1965.33
BAT-000607,severe_degradation,33.97,42.8,2951.62
BAT-000608,lost,90.31,5.0,4444.38
BAT-000609,optimal,4.74,92.5,136.72
BAT-000610,optimal,3.94,94.6,272.44
BAT-000611,severe_degradation,17.9,70.0,542.38
BAT-000612,severe_degradation,16.42,72.6,1464.87
BAT-000613,lost,54.58,7.9,4669.7
BAT-000614,severe_degradation,19.2,66.7,1318.16
BAT-000615,degraded,10.08,83.1,942.42
BAT-000616,degraded,6.31,89.8,191.86
BAT-000617,degraded,13.98,76.9,1027.13
BAT-000618,severe_degradation,15.24,74.0,667.65
BAT-000619,lost,48.53,16.5,2850.58
BAT-000620,degraded,11.18,80.1,400.51
BAT-000621,degraded,8.51,86.0,737.65
BAT-000622,degraded,5.51,90.6,164.21
BAT-000623,optimal,2.18,97.2,124.24
BAT-000624,severe_degradation,15.16,72.2,1190.01
BAT-000625,optimal,1.23,98.3,45.89
BAT-000626,degraded,14.24,76.2,410.44
BAT-000627,severe_degradation,19.11,67.2,1791.56
BAT-000628,severe_degradation,23.13,60.3,909.79
BAT-000629,lost,51.71,10.6,4128.4
BAT-000630,severe_degradation,21.08,63.8,925.65
BAT-000631,degraded,13.86,76.6,1152.74
BAT-000632,degraded,6.49,89.5,585.6
BAT-000633,degraded,14.84,74.0,1152.03
BAT-000634,degraded,13.89,77.3,729.78
BAT-000635,degraded,11.13,80.7,528.15
BAT-000636,lost,86.55,5.0,2664.91
BAT-000637,optimal,3.69,93.9,200.35
BAT-000638,degraded,8.46,85.7,414.27
BAT-000639,degraded,7.59,87.0,446.6
BAT-000640,degraded,12.57,78.4,412.69
BAT-000641,severe_degradation,24.29,57.0,633.42
BAT-000642,optimal,1.96,98.0,73.53
BAT-000643,degraded,13.3,76.9,684.49
BAT-000644,degraded,12.71,77.8,1231.57
BAT-000645,severe_degradation,24.91,55.8,1220.48
BAT-000646,degraded,11.15,79.4,456.85
BAT-000647,severe_degradation,21.37,64.2,1056.37
BAT-000648,optimal,4.76,91.5,214.09
BAT-000649,degraded,9.93,83.4,291.46
BAT-000650,lost,78.0,5.0,5541.3
BAT-000651,severe_degradation,22.01,61.8,896.9
BAT-000652,degraded,9.61,81.5,671.98
BAT-000653,degraded,14.41,75.8,968.06
BAT-000654,lost,41.49,29.5,2226.6
BAT-000655,severe_degradation,18.25,68.0,1315.18
BAT-000656,severe_degradation,16.12,74.4,1417.9
BAT-000657,severe_degradation,22.83,60.1,1073.86
BAT-000658,lost,40.6,31.3,3068.22
BAT-000659,optimal,3.36,93.9,114.8
BAT-000660,optimal,4.4,92.3,213.77
BAT-000661,severe_degradation,21.08,64.0,1053.49
BAT-000662,degraded,7.35,86.7,277.49
BAT-000663,severe_degradation,19.61,65.5,1204.05
BAT-000664,degraded,9.54,81.8,512.08
BAT-000665,severe_degradation,19.0,68.8,518.54
BAT-000666,severe_degradation,25.84,55.3,969.97
BAT-000667,degraded,9.88,83.2,690.98
BAT-000668,severe_degradation,15.84,71.5,893.35
BAT-000669,severe_degradation,26.47,54.0,969.13
BAT-000670,severe_degradation,20.46,63.9,1740.81
BAT-000671,optimal,1.62,97.3,120.95
BAT-000672,severe_degradation,24.57,59.3,1723.16
BAT-000673,degraded,13.72,75.4,452.07
BAT-000674,degraded,14.38,74.5,355.84
BAT-000675,degraded,13.52,77.7,557.4
BAT-000676,optimal,3.33,95.6,85.42
BAT-000677,degraded,7.69,87.9,262.45
BAT-000678,severe_degradation,20.57,65.9,1514.67
BAT-000679,severe_degradation,15.34,71.5,911.28
BAT-000680,degraded,5.18,90.0,281.85
BAT-000681,severe_degradation,21.32,62.8,1225.42
BAT-000682,degraded,10.56,83.1,756.07
BAT-000683,optimal,3.28,93.9,255.79
BAT-000684,degraded,5.64,87.7,274.68
BAT-000685,severe_degradation,17.81,70.6,1059.36
BAT-000686,optimal,4.48,91.6,251.97
BAT-000687,severe_degradation,21.83,62.9,631.63
BAT-000688,optimal,0.77,98.5,55.62
BAT-000689,degraded,8.71,83.9,413.94
BAT-000690,degraded,11.79,79.3,638.39
BAT-000691,degraded,13.7,76.8,1426.68
BAT-000692,optimal,4.98,92.5,390.7
BAT-000693,optimal,3.25,92.6,224.77
BAT-000694,severe_degradation,17.78,69.0,1321.86
BAT-000695,degraded,5.13,90.6,488.63
BAT-000696,optimal,4.64,91.1,265.67
BAT-000697,optimal,3.06,94.3,163.34
BAT-000698,lost,44.5,23.7,1428.92
BAT-000699,degraded,7.07,86.6,428.44
BAT-000700,optimal,3.47,94.1,96.77
BAT-000701,degraded,10.14,83.0,768.96
BAT-000702,degraded,5.75,90.1,320.55
BAT-000703,severe_degradation,17.0,71.3,424.65
BAT-000704,optimal,1.77,98.5,58.58
BAT-000705,severe_degradation,15.47,73.9,1128.5
BAT-000706,optimal,2.23,95.7,94.93
BAT-000707,optimal,4.64,91.6,226.77
BAT-000708,degraded,14.06,74.2,881.23
BAT-000709,severe_degradation,16.64,71.0,1567.51
BAT-000710,severe_degradation,31.89,45.1,876.22
BAT-000711,severe_degradation,16.05,73.5,817.71
BAT-000712,optimal,0.4,98.5,16.58
BAT-000713,optimal,4.35,92.6,201.33
BAT-000714,degraded,9.38,83.1,1067.48
BAT-000715,severe_degradation,19.65,64.9,1222.13
BAT-000716,degraded,8.61,85.0,373.55
BAT-000717,lost,76.28,5.0,5493.93
BAT-000718,optimal,3.48,92.6,177.7
BAT-000719,degraded,5.46,90.9,462.14
BAT-000720,optimal,3.26,95.0,216.14
BAT-000721,degraded,6.47,85.7,183.94
BAT-000722,severe_degradation,32.55,46.5,1316.57
BAT-000723,severe_degradation,27.93,54.7,661.17
BAT-000724,severe_degradation,16.89,71.7,1054.18
BAT-000725,severe_degradation,15.47,72.9,570.73
BAT-000726,optimal,2.13,97.3,40.92
BAT-000727,optimal,1.1,98.1,68.23
BAT-000728,severe_degradation,16.26,72.2,983.48
BAT-000729,degraded,12.74,77.6,523.45
BAT-000730,severe_degradation,15.69,73.8,1339.53
BAT-000731,degraded,11.02,81.4,619.78
BAT-000732,optimal,4.56,91.6,259.17
BAT-000733,degraded,12.24,78.6,498.12
BAT-000734,degraded,7.65,86.8,368.37
BAT-000735,degraded,12.2,80.0,393.19
BAT-000736,severe_degradation,34.72,41.0,1780.22
BAT-000737,optimal,4.09,93.7,333.06
BAT-000738,degraded,11.72,79.1,369.83
BAT-000739,degraded,5.56,88.3,288.42
BAT-000740,severe_degradation,18.31,67.1,694.87
BAT-000741,severe_degradation,17.77,69.4,961.46
BAT-000742,degraded,14.51,76.3,647.92
BAT-000743,degraded,14.11,76.9,490.49
BAT-000744,lost,74.98,5.0,5177.11
BAT-000745,optimal,2.37,97.5,187.02
BAT-000746,degraded,13.73,77.3,1019.38
BAT-000747,severe_degradation,23.94,59.6,672.38
BAT-000748,severe_degradation,34.42,39.5,2668.02
BAT-000749,degraded,5.68,90.9,500.68
BAT-000750,lost,36.64,37.5,2372.05
BAT-000751,optimal,1.37,97.1,47.14
BAT-000752,lost,70.42,5.0,3681.74
BAT-000753,optimal,4.74,91.8,275.32
BAT-000754,severe_degradation,16.45,71.0,1500.4
BAT-000755,optimal,4.81,90.4,304.31
BAT-000756,optimal,2.04,96.5,74.63
BAT-000757,degraded,9.12,83.9,833.01
BAT-000758,optimal,1.02,97.0,23.64
BAT-000759,severe_degradation,19.96,66.2,1120.58
BAT-000760,degraded,9.33,84.2,537.46
BAT-000761,severe_degradation,32.97,43.7,2584.88
BAT-000762,degraded,12.28,78.5,662.83
BAT-000763,degraded,5.18,89.2,421.96
BAT-000764,optimal,3.84,92.9,258.34
BAT-000765,optimal,1.63,97.6,80.35
BAT-000766,optimal,3.37,94.3,223.97
BAT-000767,degraded,5.25,90.8,243.22
BAT-000768,optimal,2.41,94.9,155.53
BAT-000769,degraded,12.11,80.2,1145.61
BAT-000770,optimal,1.49,98.0,123.61
BAT-000771,severe_degradation,23.82,60.3,929.17
BAT-000772,degraded,9.75,82.4,778.61
BAT-000773,degraded,12.3,79.7,731.44
BAT-000774,severe_degradation,21.9,62.4,696.82
BAT-000775,optimal,3.08,95.1,225.34
BAT-000776,degraded,6.36,89.9,304.7
BAT-000777,degraded,9.83,81.4,471.65
BAT-000778,degraded,9.48,82.6,501.75
BAT-000779,optimal,2.87,95.2,79.51
BAT-000780,severe_degradation,26.71,54.0,686.6
BAT-000781,degraded,10.47,83.2,984.11
BAT-000782,severe_degradation,21.67,63.6,1620.37
BAT-000783,optimal,4.28,92.7,128.17
BAT-000784,degraded,5.73,89.1,530.89
BAT-000785,severe_degradation,15.42,71.7,771.62
BAT-000786,degraded,5.5,91.6,350.26
BAT-000787,optimal,1.68,97.9,104.9
BAT-000788,degraded,5.67,89.8,384.75
BAT-000789,degraded,6.85,87.1,557.89
BAT-000790,optimal,3.39,91.8,205.33
BAT-000791,degraded,10.97,81.4,244.67
BAT-000792,lost,55.85,5.0,5477.28
BAT-000793,severe_degradation,25.23,56.1,693.74
BAT-000794,degraded,5.87,88.9,120.54
BAT-000795,optimal,1.96,97.9,78.68
BAT-000796,degraded,11.43,80.8,404.49
BAT-000797,optimal,1.45,96.2,27.27
BAT-000798,optimal,0.95,98.5,82.9
BAT-000799,severe_degradation,16.36,73.0,839.74
BAT-000800,degraded,7.64,86.9,276.9
BAT-000801,degraded,14.51,75.2,317.25
BAT-000802,optimal,3.41,94.3,279.6
BAT-000803,optimal,4.08,93.1,77.03
BAT-000804,degraded,5.25,90.1,103.53
BAT-000805,optimal,2.74,95.9,129.22
BAT-000806,optimal,4.41,92.7,208.7
BAT-000807,severe_degradation,25.73,55.7,1389.89
BAT-000808,degraded,11.75,79.4,974.47
BAT-000809,severe_degradation,15.11,73.1,525.42
BAT-000810,severe_degradation,16.98,71.6,844.69
BAT-000811,severe_degradation,20.81,63.8,943.89
BAT-000812,severe_degradation,15.39,74.0,917.41
BAT-000813,severe_degradation,16.55,71.4,506.56
BAT-000814,severe_degradation,15.9,72.9,814.05
BAT-000815,lost,51.54,11.3,5438.96
BAT-000816,severe_degradation,24.9,55.0,1822.85
BAT-000817,severe_degradation,21.18,64.2,994.13
BAT-000818,degraded,14.09,74.7,1000.07
BAT-000819,severe_degradation,15.27,71.8,538.49
BAT-000820,optimal,2.28,96.8,203.54
BAT-000821,optimal,1.26,97.7,63.98
BAT-000822,severe_degradation,25.28,58.4,588.54
BAT-000823,severe_degradation,16.79,70.6,817.11
BAT-000824,degraded,10.86,81.8,228.65
BAT-000825,severe_degradation,16.94,71.7,1624.84
BAT-000826,degraded,6.15,86.4,420.36
BAT-000827,optimal,1.79,97.6,147.16
BAT-000828,optimal,2.56,95.6,144.85
BAT-000829,severe_degradation,20.94,63.3,376.76
BAT-000830,optimal,1.37,98.5,75.18
BAT-000831,severe_degradation,21.97,61.3,533.28
BAT-000832,severe_degradation,28.54,50.2,1835.98
BAT-000833,degraded,10.38,81.9,466.68
BAT-000834,degraded,6.97,86.8,215.21
BAT-000835,optimal,2.18,97.2,123.23
BAT-000836,severe_degradation,16.07,70.6,566.74
BAT-000837,lost,79.01,5.0,5107.57
BAT-000838,severe_degradation,16.23,72.0,662.39
BAT-000839,degraded,7.29,86.7,635.8
BAT-000840,optimal,4.11,92.3,308.38
BAT-000841,degraded,6.39,88.7,398.26
BAT-000842,degraded,14.88,74.2,536.61
BAT-000843,optimal,2.18,97.5,49.96
BAT-000844,optimal,2.67,95.9,171.94
BAT-000845,degraded,12.41,78.0,537.84
BAT-000846,optimal,4.25,93.5,284.05
BAT-000847,severe_degradation,29.87,46.5,1373.12
BAT-000848,degraded,11.47,77.5,987.58
BAT-000849,severe_degradation,22.92,60.2,1886.55
BAT-000850,severe_degradation,16.7,71.3,1507.36
BAT-000851,degraded,14.69,73.7,725.12
BAT-000852,degraded,13.35,76.8,238.26
BAT-000853,degraded,5.17,89.7,242.11
BAT-000854,degraded,13.62,78.0,908.74
BAT-000855,degraded,5.77,89.2,466.69
BAT-000856,optimal,0.4,98.5,29.25
BAT-000857,degraded,7.12,86.4,449.14
BAT-000858,severe_degradation,21.44,61.2,1555.34
BAT-000859,optimal,2.79,96.8,136.6
BAT-000860,severe_degradation,24.93,56.2,1054.39
BAT-000861,degraded,8.7,85.1,725.21
BAT-000862,lost,40.05,31.8,3286.13
BAT-000863,degraded,11.98,78.0,1023.51
BAT-000864,optimal,2.25,96.6,60.37
BAT-000865,severe_degradation,24.42,58.7,2223.17
BAT-000866,lost,39.5,33.1,2099.75
BAT-000867,degraded,12.42,78.7,906.4
BAT-000868,optimal,0.41,98.5,31.88
BAT-000869,degraded,12.65,77.3,571.62
BAT-000870,degraded,8.16,86.1,270.18
BAT-000871,severe_degradation,18.19,68.8,1550.06
BAT-000872,severe_degradation,20.56,66.2,861.33
BAT-000873,degraded,10.35,81.0,966.68
BAT-000874,optimal,3.77,94.3,162.81
BAT-000875,degraded,8.11,87.5,475.94
BAT-000876,lost,75.0,5.0,3262.5
BAT-000877,degraded,6.51,89.9,222.57
BAT-000878,severe_degradation,33.23,40.4,1466.89
BAT-000879,severe_degradation,17.14,71.3,590.69
BAT-000880,optimal,2.91,92.0,147.56
BAT-000881,severe_degradation,16.16,71.1,389.86
BAT-000882,degraded,14.69,74.1,724.22
BAT-000883,optimal,4.58,91.9,217.81
BAT-000884,severe_degradation,18.32,69.8,651.29
BAT-000885,optimal,2.6,96.0,85.78
BAT-000886,degraded,12.9,79.8,734.3
BAT-000887,degraded,12.37,77.7,270.13
BAT-000888,optimal,3.39,94.0,199.07
BAT-000889,severe_degradation,18.28,69.6,972.46
BAT-000890,optimal,2.0,97.6,180.4
BAT-000891,degraded,5.09,89.8,145.4
BAT-000892,optimal,4.8,90.4,135.16
BAT-000893,degraded,7.2,88.4,646.82
BAT-000894,degraded,5.62,90.3,337.17
BAT-000895,optimal,2.98,93.9,264.28
BAT-000896,degraded,8.03,86.0,561.76
BAT-000897,lost,75.23,5.0,2552.33
BAT-000898,degraded,8.15,85.9,644.19
BAT-000899,degraded,14.41,76.1,420.81
BAT-000900,severe_degradation,22.02,62.9,1303.45
BAT-000901,optimal,2.9,93.2,174.38
BAT-000902,lost,66.67,5.0,3797.68
BAT-000903,severe_degradation,16.24,73.1,493.41
BAT-000904,lost,73.88,5.0,6610.69
BAT-000905,severe_degradation,20.73,65.1,1090.19
BAT-000906,severe_degradation,21.87,62.1,863.78
BAT-000907,severe_degradation,16.34,72.3,550.46
BAT-000908,optimal,3.14,92.2,238.84
BAT-000909,optimal,2.29,96.9,115.66
BAT-000910,degraded,14.89,72.2,980.23
BAT-000911,severe_degradation,23.92,57.6,1392.38
BAT-000912,degraded,8.6,84.1,497.42
BAT-000913,degraded,14.92,73.4,435.69
BAT-000914,degraded,9.77,82.1,700.01
BAT-000915,severe_degradation,20.03,65.4,728.85
BAT-000916,severe_degradation,21.35,63.7,843.11
BAT-000917,degraded,12.34,78.7,295.68
BAT-000918,degraded,5.73,90.2,495.24
BAT-000919,optimal,3.13,92.5,277.64
BAT-000920,severe_degradation,21.88,62.8,1034.72
BAT-000921,severe_degradation,26.17,55.8,2190.37
BAT-000922,degraded,14.52,74.2,874.94
BAT-000923,degraded,9.88,82.5,512.69
BAT-000924,optimal,3.07,94.0,113.26
BAT-000925,degraded,11.97,79.0,458.02
BAT-000926,severe_degradation,23.5,59.9,1337.83
BAT-000927,degraded,5.51,90.4,571.61
BAT-000928,severe_degradation,17.52,69.3,1206.16
BAT-000929,lost,67.8,5.0,2616.83
BAT-000930,optimal,2.84,95.6,113.89
BAT-000931,optimal,4.0,92.6,327.8
BAT-000932,degraded,5.0,90.3,452.3
BAT-000933,optimal,3.0,95.1,143.2
BAT-000934,severe_degradation,20.2,65.2,856.98
BAT-000935,optimal,4.03,93.5,362.32
BAT-000936,severe_degradation,22.48,62.7,561.43
BAT-000937,optimal,2.56,94.2,222.07
BAT-000938,severe_degradation,21.41,64.3,709.2
BAT-000939,lost,72.79,5.0,1664.95
BAT-000940,optimal,4.04,92.5,206.8
BAT-000941,optimal,3.17,95.3,224.66
BAT-000942,severe_degradation,30.18,50.2,1046.57
BAT-000943,degraded,8.26,85.4,321.44
BAT-000944,optimal,3.56,95.0,253.17
BAT-000945,degraded,6.18,88.8,109.36
BAT-000946,degraded,8.58,83.2,575.34
BAT-000947,degraded,10.57,79.8,890.97
BAT-000948,optimal,0.88,98.5,36.33
BAT-000949,optimal,3.02,93.6,164.31
BAT-000950,degraded,14.28,76.0,902.98
BAT-000951,degraded,9.46,83.5,493.6
BAT-000952,optimal,2.5,94.3,131.24
BAT-000953,optimal,2.68,97.8,211.24
BAT-000954,degraded,9.13,83.4,476.04
BAT-000955,severe_degradation,18.32,67.4,453.82
BAT-000956,optimal,1.62,96.3,58.43
BAT-000957,optimal,3.05,94.4,101.68
BAT-000958,degraded,5.62,90.8,384.79
BAT-000959,degraded,6.51,87.3,497.93
BAT-000960,severe_degradation,20.71,63.1,520.46
BAT-000961,degraded,10.93,80.2,1015.36
BAT-000962,optimal,0.4,98.5,24.15
BAT-000963,degraded,5.9,91.1,176.14
BAT-000964,optimal,2.95,94.8,90.38
BAT-000965,severe_degradation,16.11,72.7,944.23
BAT-000966,optimal,1.95,96.6,107.03
BAT-000967,degraded,14.03,75.6,517.21
BAT-000968,severe_degradation,34.59,41.1,2246.98
BAT-000969,severe_degradation,15.75,74.0,718.51
BAT-000970,severe_degradation,19.49,66.0,696.54
BAT-000971,degraded,7.46,86.1,741.28
BAT-000972,optimal,1.65,97.2,119.91
BAT-000973,severe_degradation,22.85,61.8,1745.57
BAT-000974,optimal,4.53,91.3,318.08
BAT-000975,optimal,4.64,92.0,157.42
BAT-000976,degraded,5.87,90.7,539.39
BAT-000977,severe_degradation,22.49,59.1,916.41
BAT-000978,degraded,9.5,84.2,447.54
BAT-000979,degraded,8.23,84.5,622.2
BAT-000980,degraded,14.17,75.4,463.93
BAT-000981,degraded,9.22,84.0,856.15
BAT-000982,degraded,14.45,76.9,1361.01
BAT-000983,optimal,4.52,92.9,178.95
BAT-000984,degraded,6.47,89.0,247.31
BAT-000985,severe_degradation,21.41,63.1,1576.74
BAT-000986,optimal,2.66,94.1,133.21
BAT-000987,optimal,4.28,92.2,216.31
BAT-000988,degraded,14.91,74.5,763.09
BAT-000989,severe_degradation,20.03,66.2,1329.09
BAT-000990,optimal,3.82,93.8,215.71
BAT-000991,degraded,7.25,87.4,333.27
BAT-000992,degraded,5.86,89.6,302.24
BAT-000993,severe_degradation,23.44,59.5,931.99
BAT-000994,severe_degradation,25.6,56.8,1162.34
BAT-000995,degraded,11.7,79.6,718.82
BAT-000996,severe_degradation,23.06,59.6,747.09
BAT-000997,degraded,8.56,84.7,569.27
BAT-000998,optimal,3.22,94.1,180.58
BAT-000999,degraded,5.81,88.8,134.64
BAT-001000,degraded,13.74,75.5,1334.51
BAT-001001,severe_degradation,26.48,54.6,1189.28
BAT-001002,severe_degradation,18.63,69.2,989.39
BAT-001003,optimal,4.81,91.8,220.78
BAT-001004,severe_degradation,18.31,68.3,625.65
BAT-001005,degraded,8.13,86.6,271.52
BAT-001006,degraded,5.04,90.6,249.06
BAT-001007,severe_degradation,17.3,69.8,1610.15
BAT-001008,optimal,2.43,95.8,207.26
BAT-001009,severe_degradation,15.0,74.5,963.62
BAT-001010,degraded,6.09,87.5,401.1
BAT-001011,degraded,8.67,85.3,799.55
BAT-001012,optimal,0.4,98.5,21.15
BAT-001013,severe_degradation,20.17,65.0,955.74
BAT-001014,degraded,5.48,91.0,194.03
BAT-001015,optimal,2.92,95.1,85.15
BAT-001016,optimal,1.75,96.6,64.34
BAT-001017,optimal,1.77,97.6,159.77
BAT-001018,severe_degradation,15.84,72.4,876.49
BAT-001019,optimal,3.3,92.3,183.2
BAT-001020,lost,50.49,12.8,4613.97
BAT-001021,degraded,5.26,89.2,180.98
BAT-001022,optimal,3.43,93.8,209.44
BAT-001023,optimal,1.04,98.1,56.65
BAT-001024,severe_degradation,17.73,68.1,1226.69
BAT-001025,lost,88.61,5.0,3309.42
BAT-001026,optimal,1.63,97.0,120.18
BAT-001027,optimal,3.83,92.3,323.23
BAT-001028,severe_degradation,19.56,65.4,1600.02
BAT-001029,severe_degradation,15.92,73.3,1134.16
BAT-001030,severe_degradation,16.8,72.5,1154.92
BAT-001031,severe_degradation,16.62,70.8,611.45
BAT-001032,degraded,5.82,88.5,330.17
BAT-001033,severe_degradation,24.14,57.4,1159.25
BAT-001034,degraded,6.16,88.2,307.71
BAT-001035,optimal,3.15,94.5,144.8
BAT-001036,severe_degradation,20.31,65.0,916.14
BAT-001037,degraded,11.99,80.3,1352.7
BAT-001038,degraded,5.63,88.9,527.4
BAT-001039,optimal,2.86,93.0,190.29
BAT-001040,severe_degradation,17.18,68.8,796.57
BAT-001041,degraded,5.6,89.2,390.8
BAT-001042,optimal,4.79,91.9,276.93
BAT-001043,degraded,10.89,80.8,813.97
BAT-001044,optimal,4.14,93.5,347.22
BAT-001045,severe_degradation,17.26,68.8,896.7
BAT-001046,degraded,12.44,79.4,1179.77
BAT-001047,severe_degradation,19.92,67.4,791.87
BAT-001048,degraded,9.01,83.0,458.36
BAT-001049,optimal,4.8,90.0,477.27
BAT-001050,optimal,1.42,96.0,95.74
BAT-001051,degraded,9.97,82.6,197.82
BAT-001052,severe_degradation,19.24,66.6,507.28
BAT-001053,optimal,3.08,95.8,153.59
BAT-001054,optimal,2.22,94.9,130.29
BAT-001055,degraded,11.57,79.1,1105.57
BAT-001056,degraded,12.37,78.4,528.09
BAT-001057,lost,40.9,29.8,2110.64
BAT-001058,severe_degradation,15.97,73.3,676.62
BAT-001059,severe_degradation,18.87,67.8,619.29
BAT-001060,degraded,14.03,77.1,1013.19
BAT-001061,optimal,4.32,90.2,183.56
BAT-001062,lost,73.34,5.0,7643.06
BAT-001063,optimal,4.04,93.0,213.1
BAT-001064,optimal,3.27,93.6,223.7
BAT-001065,optimal,4.32,92.5,88.38
BAT-001066,degraded,12.32,79.7,434.47
BAT-001067,optimal,3.46,93.9,179.97
BAT-001068,optimal,2.69,95.0,104.0
BAT-001069,severe_degradation,15.95,72.3,1448.46
BAT-001070,optimal,4.09,92.0,132.14
BAT-001071,degraded,6.34,88.6,498.4
BAT-001072,degraded,10.14,80.9,646.76
BAT-001073,optimal,2.19,94.4,178.1
BAT-001074,severe_degradation,17.12,70.2,554.77
BAT-001075,degraded,7.4,87.6,371.95
BAT-001076,degraded,13.74,76.7,385.5
BAT-001077,severe_degradation,15.1,74.2,766.23
BAT-001078,severe_degradation,27.31,53.5,1922.43
BAT-001079,optimal,3.05,94.0,256.53
BAT-001080,severe_degradation,30.55,48.3,1015.99
BAT-001081,degraded,9.01,85.4,513.36
BAT-001082,optimal,3.49,89.7,97.56
BAT-001083,optimal,3.28,93.4,223.79
BAT-001084,severe_degradation,21.14,63.2,503.82
BAT-001085,degraded,14.22,76.7,1107.32
BAT-001086,optimal,3.99,92.7,123.55
BAT-001087,optimal,3.08,95.7,219.69
BAT-001088,optimal,3.99,92.2,230.26
BAT-001089,severe_degradation,26.09,53.3,1316.93
BAT-001090,optimal,2.08,95.9,63.11
BAT-001091,optimal,2.83,93.8,317.61
BAT-001092,severe_degradation,15.75,72.8,1008.57
BAT-001093,degraded,9.27,83.9,879.65
BAT-001094,severe_degradation,20.91,63.4,1683.52
BAT-001095,degraded,10.34,81.0,353.11
BAT-001096,lost,84.13,5.0,3992.0
BAT-001097,severe_degradation,25.21,56.7,1700.61
BAT-001098,degraded,11.48,79.8,394.65
BAT-001099,severe_degradation,15.99,72.6,417.31
BAT-001100,degraded,14.11,76.1,539.56
BAT-001101,lost,41.71,28.5,4023.81
BAT-001102,degraded,6.09,88.7,351.45
BAT-001103,optimal,4.55,93.5,132.99
BAT-001104,lost,84.76,5.0,3533.07
BAT-001105,severe_degradation,18.4,67.6,1184.02
BAT-001106,degraded,9.29,83.2,890.61
BAT-001107,lost,81.62,5.0,3184.06
BAT-001108,severe_degradation,18.22,67.2,729.9
BAT-001109,degraded,5.19,90.4,400.46
BAT-001110,severe_degradation,16.99,69.6,359.75
BAT-001111,degraded,12.47,78.5,255.85
BAT-001112,optimal,0.6,98.5,34.11
BAT-001113,severe_degradation,15.4,74.5,726.44
BAT-001114,severe_degradation,15.88,73.6,893.46
BAT-001115,optimal,3.85,93.2,270.28
BAT-001116,degraded,11.4,81.2,270.85
BAT-001117,lost,76.63,5.0,3809.97
BAT-001118,optimal,2.45,94.7,88.19
BAT-001119,optimal,3.6,93.8,207.1
BAT-001120,severe_degradation,19.38,66.0,515.17
BAT-001121,severe_degradation,27.63,52.4,1391.61
BAT-001122,severe_degradation,17.43,68.8,413.75
BAT-001123,degraded,13.76,75.3,643.95
BAT-001124,degraded,14.66,74.2,1092.06
BAT-001125,optimal,1.86,97.3,55.78
BAT-001126,optimal,2.28,95.7,85.42
BAT-001127,lost,84.25,5.0,1897.3
BAT-001128,severe_degradation,17.09,70.4,330.42
BAT-001129,optimal,4.23,92.4,402.49
BAT-001130,optimal,3.83,94.9,194.96
BAT-001131,severe_degradation,29.95,47.7,865.1
BAT-001132,severe_degradation,16.79,70.5,853.18
BAT-001133,optimal,4.77,89.2,411.95
BAT-001134,severe_degradation,26.97,53.8,679.47
BAT-001135,degraded,9.7,82.4,1037.32
BAT-001136,degraded,7.59,87.6,294.35
BAT-001137,degraded,5.22,90.0,311.27
BAT-001138,severe_degradation,19.41,65.6,550.98
BAT-001139,degraded,5.53,88.5,363.1
BAT-001140,optimal,2.76,95.1,156.8
BAT-001141,severe_degradation,20.52,63.9,1208.6
BAT-001142,severe_degradation,18.05,69.2,1321.62
BAT-001143,optimal,1.87,96.3,113.61
BAT-001144,severe_degradation,23.71,61.0,1491.78
BAT-001145,optimal,3.85,93.2,163.96
BAT-001146,severe_degradation,23.19,59.2,2252.18
BAT-001147,lost,57.96,5.0,2650.73
BAT-001148,optimal,2.25,95.0,216.2
BAT-001149,optimal,2.56,95.8,187.74
BAT-001150,severe_degradation,33.28,42.6,1652.19
BAT-001151,severe_degradation,20.79,64.3,390.67
BAT-001152,degraded,7.02,87.2,531.81
BAT-001153,severe_degradation,15.25,71.6,1024.27
BAT-001154,severe_degradation,16.18,71.0,755.29
BAT-001155,severe_degradation,16.12,72.1,659.63
BAT-001156,optimal,0.96,96.2,53.97
BAT-001157,degraded,8.72,86.2,645.83
BAT-001158,optimal,3.17,93.5,181.45
BAT-001159,degraded,6.19,89.7,363.21
BAT-001160,optimal,1.95,95.4,132.05
BAT-001161,degraded,5.57,90.1,313.69
BAT-001162,degraded,13.07,77.6,886.22
BAT-001163,severe_degradation,18.46,67.9,1433.61
BAT-001164,severe_degradation,26.55,54.8,1213.42
BAT-001165,degraded,13.65,77.2,859.2
BAT-001166,degraded,12.76,79.0,617.85
BAT-001167,severe_degradation,26.33,55.0,1772.83
BAT-001168,severe_degradation,20.35,64.0,760.4
BAT-001169,severe_degradation,16.29,71.6,1251.34
BAT-001170,severe_degradation,15.78,71.7,758.68
BAT-001171,degraded,7.07,87.8,346.63
BAT-001172,optimal,3.78,93.0,282.59
BAT-001173,degraded,9.9,83.9,363.92
BAT-001174,lost,79.58,5.0,5725.34
BAT-001175,optimal,3.51,93.6,153.46
BAT-001176,lost,51.66,11.4,1699.74
BAT-001177,severe_degradation,16.13,71.6,1193.88
BAT-001178,degraded,11.22,78.3,541.98
BAT-001179,degraded,8.57,84.2,798.54
BAT-001180,severe_degradation,17.43,70.1,1558.66
BAT-001181,degraded,6.94,88.1,461.22
BAT-001182,optimal,3.14,93.4,105.67
BAT-001183,optimal,3.27,93.1,209.92
BAT-001184,degraded,6.84,89.3,629.25
BAT-001185,optimal,3.87,92.8,325.67
BAT-001186,degraded,12.6,78.6,529.75
BAT-001187,optimal,2.32,97.1,200.97
BAT-001188,degraded,11.18,82.6,633.17
BAT-001189,degraded,9.92,82.3,388.08
BAT-001190,optimal,1.61,97.4,141.93
BAT-001191,optimal,0.96,98.5,70.62
BAT-001192,degraded,7.15,87.4,263.28
BAT-001193,severe_degradation,20.1,65.8,1477.19
BAT-001194,optimal,1.51,98.1,90.71
BAT-001195,severe_degradation,15.23,73.0,726.72
BAT-001196,severe_degradation,28.73,50.9,2136.22
BAT-001197,degraded,8.03,86.2,352.22
BAT-001198,optimal,2.93,94.8,253.15
BAT-001199,degraded,11.47,77.7,457.45
BAT-001200,severe_degradation,26.21,52.9,2267.07
BAT-001201,optimal,4.44,90.9,144.35
BAT-001202,degraded,7.75,86.2,369.97
BAT-001203,degraded,7.84,85.5,472.64
BAT-001204,optimal,1.84,96.4,73.84
BAT-001205,optimal,3.29,93.1,115.58
BAT-001206,severe_degradation,15.37,73.0,1003.81
BAT-001207,degraded,13.58,77.5,414.89
BAT-001208,lost,75.38,5.0,1707.47
BAT-001209,severe_degradation,32.34,43.6,1091.56
BAT-001210,degraded,11.45,79.3,603.44
BAT-001211,degraded,14.97,75.1,431.96
BAT-001212,optimal,2.83,95.7,157.07
BAT-001213,severe_degradation,16.7,70.6,1322.29
BAT-001214,severe_degradation,27.34,52.7,2455.7
BAT-001215,degraded,5.56,90.2,500.2
BAT-001216,severe_degradation,23.27,60.2,1002.42
BAT-001217,severe_degradation,21.68,63.3,814.08
BAT-001218,degraded,10.03,80.9,731.2
BAT-001219,optimal,4.57,91.8,156.68
BAT-001220,optimal,2.21,95.5,146.79
BAT-001221,severe_degradation,18.45,67.3,686.23
BAT-001222,degraded,8.0,86.5,458.12
BAT-001223,severe_degradation,25.56,54.6,962.18
BAT-001224,optimal,4.38,90.6,75.55
BAT-001225,degraded,5.3,91.0,236.63
BAT-001226,optimal,3.8,92.1,128.25
BAT-001227,degraded,8.94,82.9,888.47
BAT-001228,optimal,4.96,89.3,546.24
BAT-001229,degraded,10.09,81.0,660.1
BAT-001230,degraded,12.82,76.6,328.6
BAT-001231,optimal,3.95,92.4,292.52
BAT-001232,optimal,1.17,98.1,73.12
BAT-001233,lost,52.49,8.0,5614.71
BAT-001234,degraded,9.22,82.7,520.26
BAT-001235,optimal,1.36,98.5,53.3
BAT-001236,degraded,5.13,90.1,247.19
BAT-001237,degraded,12.02,78.3,952.16
BAT-001238,degraded,9.15,84.3,497.92
BAT-001239,degraded,8.83,84.4,244.49
BAT-001240,degraded,9.18,84.8,539.75
BAT-001241,optimal,2.04,96.7,190.62
BAT-001242,degraded,7.05,86.5,221.88
BAT-001243,lost,80.31,5.0,1934.86
BAT-001244,lost,73.26,5.0,6985.8
BAT-001245,severe_degradation,26.3,54.6,878.51
BAT-001246,severe_degradation,15.28,75.5,1265.45
BAT-001247,degraded,6.94,89.3,563.26
BAT-001248,optimal,0.79,98.5,52.52
BAT-001249,optimal,3.37,94.6,219.49
BAT-001250,degraded,6.47,89.0,400.89
BAT-001251,lost,54.44,5.0,2714.38
BAT-001252,optimal,3.16,95.0,209.74
BAT-001253,severe_degradation,26.34,57.3,1048.06
BAT-001254,optimal,1.34,98.5,127.06
BAT-001255,degraded,6.28,89.0,311.38
BAT-001256,severe_degradation,22.45,60.2,999.28
BAT-001257,optimal,3.17,95.0,131.45
BAT-001258,degraded,12.1,80.1,212.81
BAT-001259,degraded,8.55,85.2,407.17
BAT-001260,degraded,13.48,76.2,470.04
BAT-001261,degraded,7.54,86.3,594.48
BAT-001262,severe_degradation,24.48,56.6,1375.11
BAT-001263,severe_degradation,26.77,53.2,1191.6
BAT-001264,severe_degradation,26.61,53.3,1340.56
BAT-001265,degraded,6.6,87.4,398.48
BAT-001266,degraded,7.39,89.6,342.6
BAT-001267,optimal,4.21,91.9,185.2
BAT-001268,degraded,9.2,83.4,638.45
BAT-001269,severe_degradation,18.06,68.0,550.93
BAT-001270,degraded,13.99,76.2,610.97
BAT-001271,severe_degradation,24.2,59.4,895.37
BAT-001272,optimal,2.9,94.6,125.0
BAT-001273,degraded,7.52,87.4,209.0
BAT-001274,degraded,6.02,90.6,574.4
BAT-001275,degraded,5.65,87.9,153.61
BAT-001276,severe_degradation,33.93,42.4,2296.78
BAT-001277,optimal,3.67,94.0,104.89
BAT-001278,severe_degradation,15.04,72.9,1420.17
BAT-001279,degraded,6.19,89.5,261.72
BAT-001280,optimal,4.94,90.4,462.67
BAT-001281,optimal,2.39,96.5,140.01
BAT-001282,severe_degradation,23.01,59.5,1017.0
BAT-001283,optimal,2.86,92.2,165.23
BAT-001284,lost,66.07,5.0,2582.92
BAT-001285,severe_degradation,20.57,64.3,1761.41
BAT-001286,optimal,3.47,92.8,334.16
BAT-001287,severe_degradation,15.63,72.3,723.89
BAT-001288,optimal,4.39,92.5,124.93
BAT-001289,optimal,3.31,94.9,151.18
BAT-001290,optimal,1.32,95.1,99.49
BAT-001291,severe_degradation,20.05,64.5,556.04
BAT-001292,degraded,6.44,89.5,310.03
BAT-001293,optimal,2.11,96.9,187.38
BAT-001294,optimal,4.72,90.1,286.87
BAT-001295,optimal,4.18,92.2,161.81
BAT-001296,degraded,14.9,73.0,865.6
BAT-001297,degraded,14.77,73.4,825.73
BAT-001298,severe_degradation,18.55,67.7,863.52
BAT-001299,optimal,2.29,96.1,150.5
BAT-001300,severe_degradation,18.07,68.6,572.46
BAT-001301,degraded,6.81,87.5,490.88
BAT-001302,optimal,1.83,97.1,77.23
BAT-001303,severe_degradation,15.7,73.2,1492.46
BAT-001304,optimal,2.85,95.0,103.3
BAT-001305,severe_degradation,18.13,69.1,858.71
BAT-001306,degraded,6.46,89.0,427.65
BAT-001307,severe_degradation,23.39,57.9,863.47
BAT-001308,optimal,0.4,98.5,12.35
BAT-001309,lost,67.33,5.0,4038.54
BAT-001310,severe_degradation,15.33,73.6,839.69
BAT-001311,degraded,11.6,81.3,582.17
BAT-001312,degraded,13.37,75.7,236.28
BAT-001313,optimal,3.06,93.4,180.8
BAT-001314,severe_degradation,15.73,71.7,997.49
BAT-001315,degraded,8.36,85.7,467.45
BAT-001316,lost,62.69,5.0,2715.97
BAT-001317,severe_degradation,28.4,51.3,1314.78
BAT-001318,optimal,3.88,94.3,100.68
BAT-001319,severe_degradation,26.37,54.9,2369.84
BAT-001320,severe_degradation,23.6,58.3,899.73
BAT-001321,optimal,2.95,93.0,85.09
BAT-001322,severe_degradation,15.58,71.9,1747.49
BAT-001323,severe_degradation,16.98,71.3,747.86
BAT-001324,optimal,4.66,92.6,154.43
BAT-001325,degraded,14.04,75.4,708.67
BAT-001326,degraded,14.66,75.1,801.94
BAT-001327,degraded,7.63,88.0,277.15
BAT-001328,degraded,11.25,81.3,538.58
BAT-001329,degraded,14.09,76.2,1050.83
BAT-001330,optimal,4.23,92.0,263.69
BAT-001331,degraded,5.43,89.8,267.42
BAT-001332,severe_degradation,18.97,68.7,738.15
BAT-001333,severe_degradation,15.83,71.6,1053.88
BAT-001334,optimal,3.3,94.7,91.3
BAT-001335,optimal,2.41,96.2,204.69
BAT-001336,lost,76.15,5.0,1838.97
BAT-001337,severe_degradation,23.79,57.9,647.99
BAT-001338,degraded,8.88,85.4,256.31
BAT-001339,degraded,11.49,79.2,372.65
BAT-001340,optimal,3.5,94.9,171.77
BAT-001341,degraded,12.11,79.4,1336.16
BAT-001342,optimal,2.05,96.4,122.8
BAT-001343,optimal,2.14,96.4,108.16
BAT-001344,degraded,14.9,73.5,669.45
BAT-001345,lost,95.44,5.0,2547.78
BAT-001346,degraded,5.06,91.0,246.89
BAT-001347,optimal,4.44,91.6,298.81
BAT-001348,degraded,5.41,89.7,309.01
BAT-001349,degraded,14.89,75.1,630.76
BAT-001350,optimal,0.64,98.2,25.1
BAT-001351,severe_degradation,25.61,56.6,794.68
BAT-001352,degraded,11.06,79.2,694.61
BAT-001353,degraded,7.55,88.3,273.6
BAT-001354,degraded,10.78,81.2,878.83
BAT-001355,lost,72.66,5.0,3187.42
BAT-001356,optimal,3.84,91.1,110.48
BAT-001357,optimal,2.4,96.2,181.46
BAT-001358,degraded,7.21,87.5,445.28
BAT-001359,optimal,4.32,90.7,230.89
BAT-001360,degraded,5.8,89.7,146.98
BAT-001361,optimal,0.63,98.5,44.64
BAT-001362,optimal,1.69,95.1,159.07
BAT-001363,degraded,13.0,76.9,1161.47
BAT-001364,severe_degradation,21.76,63.5,1153.5
BAT-001365,optimal,2.92,94.0,277.48
BAT-001366,severe_degradation,18.08,68.2,1256.62
BAT-001367,severe_degradation,19.58,64.9,839.13
BAT-001368,optimal,2.67,95.2,180.68
BAT-001369,degraded,7.09,87.6,250.31
BAT-001370,severe_degradation,18.26,68.6,872.81
BAT-001371,degraded,13.34,77.8,651.13
BAT-001372,degraded,8.91,85.4,545.3
BAT-001373,degraded,6.43,90.3,341.86
BAT-001374,lost,81.43,5.0,3701.09
BAT-001375,optimal,2.46,95.9,76.58
BAT-001376,degraded,11.73,80.8,756.22
BAT-001377,degraded,11.26,80.6,808.57
BAT-001378,severe_degradation,23.18,60.8,1127.04
BAT-001379,severe_degradation,18.73,67.0,1099.57
BAT-001380,optimal,3.57,92.1,237.67
BAT-001381,degraded,9.51,82.9,736.05
BAT-001382,optimal,4.73,92.8,347.51
BAT-001383,optimal,3.48,93.1,104.08
BAT-001384,severe_degradation,16.95,71.5,642.85
BAT-001385,optimal,3.3,94.5,140.85
BAT-001386,degraded,8.63,85.2,492.28
BAT-001387,degraded,5.55,90.5,211.07
BAT-001388,severe_degradation,16.2,72.1,982.61
BAT-001389,optimal,3.96,93.5,355.79
BAT-001390,optimal,3.19,94.8,190.2
BAT-001391,optimal,3.27,94.7,158.97
BAT-001392,optimal,1.85,97.3,161.84
BAT-001393,optimal,3.7,93.2,243.05
BAT-001394,optimal,4.79,91.2,353.96
BAT-001395,degraded,7.2,88.1,338.63
BAT-001396,severe_degradation,15.39,75.3,1177.62
BAT-001397,optimal,3.6,94.0,138.08
BAT-001398,degraded,14.58,73.8,485.26
BAT-001399,severe_degradation,25.09,55.0,605.77
BAT-001400,severe_degradation,20.8,65.5,834.81
BAT-001401,optimal,4.4,90.7,297.73
BAT-001402,degraded,10.72,80.6,425.15
BAT-001403,severe_degradation,18.44,66.7,644.22
BAT-001404,optimal,3.34,92.7,133.26
BAT-001405,optimal,1.54,97.5,85.9
BAT-001406,degraded,7.65,85.6,369.51
BAT-001407,optimal,4.67,90.2,324.79
BAT-001408,optimal,2.44,95.3,146.85
BAT-001409,degraded,7.16,87.2,579.4
BAT-001410,severe_degradation,20.71,63.8,911.85
BAT-001411,severe_degradation,15.74,73.6,1135.89
BAT-001412,degraded,14.59,73.1,981.77
BAT-001413,optimal,4.51,92.6,168.3
BAT-001414,severe_degradation,17.4,69.9,1439.85
BAT-001415,optimal,1.33,97.3,36.67
BAT-001416,optimal,1.08,98.0,83.24
BAT-001417,degraded,6.47,87.6,565.89
BAT-001418,degraded,9.21,83.9,304.05
BAT-001419,optimal,1.9,96.9,132.11
BAT-001420,optimal,2.32,95.0,214.04
BAT-001421,optimal,3.56,94.5,266.48
BAT-001422,optimal,2.26,96.6,49.32
BAT-001423,optimal,1.17,98.4,57.32
BAT-001424,degraded,6.22,90.7,196.04
BAT-001425,severe_degradation,19.33,66.2,548.65
BAT-001426,degraded,5.53,88.8,532.37
BAT-001427,degraded,5.39,89.6,168.73
BAT-001428,severe_degradation,15.36,74.8,1086.82
BAT-001429,optimal,0.49,98.3,42.03
BAT-001430,optimal,2.21,96.1,199.59
BAT-001431,severe_degradation,17.37,69.7,1975.53
BAT-001432,optimal,4.44,89.9,131.02
BAT-001433,severe_degradation,19.29,66.5,1393.57
BAT-001434,severe_degradation,20.22,64.7,1696.28
BAT-001435,degraded,5.24,91.2,305.24
BAT-001436,degraded,12.1,79.4,270.85
BAT-001437,degraded,7.87,86.0,467.25
BAT-001438,degraded,12.88,78.3,725.06
BAT-001439,optimal,2.67,97.2,151.18
BAT-001440,severe_degradation,22.84,60.0,1519.6
BAT-001441,degraded,9.96,81.6,904.02
BAT-001442,degraded,7.02,87.6,322.05
BAT-001443,optimal,2.52,97.0,58.92
BAT-001444,severe_degradation,15.04,74.0,936.33
BAT-001445,severe_degradation,24.48,58.1,1543.3
BAT-001446,severe_degradation,33.21,43.8,1810.95
BAT-001447,optimal,3.9,92.3,171.35
BAT-001448,optimal,2.34,95.0,254.32
BAT-001449,optimal,1.57,95.4,64.67
BAT-001450,degraded,5.1,90.7,133.37
BAT-001451,degraded,5.58,91.5,428.29
BAT-001452,optimal,4.1,92.5,353.29
BAT-001453,degraded,5.55,90.9,266.7
BAT-001454,lost,94.95,5.0,2430.91
BAT-001455,degraded,8.27,85.6,265.73
BAT-001456,degraded,6.32,88.6,162.37
BAT-001457,severe_degradation,17.96,69.1,544.29
BAT-001458,optimal,4.18,91.8,122.77
BAT-001459,degraded,14.22,75.5,987.62
BAT-001460,optimal,3.33,94.3,302.86
BAT-001461,severe_degradation,18.03,70.7,1377.38
BAT-001462,degraded,11.46,79.8,460.13
BAT-001463,severe_degradation,32.46,45.1,2752.39
BAT-001464,degraded,7.69,87.3,202.27
BAT-001465,optimal,2.23,93.5,172.51
BAT-001466,degraded,10.31,80.3,342.16
BAT-001467,degraded,6.72,89.2,465.21
BAT-001468,optimal,2.68,95.3,195.63
BAT-001469,lost,68.41,5.0,3503.58
BAT-001470,optimal,1.91,96.9,115.0
BAT-001471,severe_degradation,24.01,58.4,2134.4
BAT-001472,degraded,5.31,89.7,100.08
BAT-001473,lost,93.8,5.0,2135.2
BAT-001474,degraded,5.01,90.1,299.47
BAT-001475,degraded,6.83,87.1,387.16
BAT-001476,degraded,9.64,82.5,339.83
BAT-001477,optimal,3.34,93.2,278.56
BAT-001478,optimal,4.44,91.2,370.13
BAT-001479,degraded,12.6,78.7,970.0
BAT-001480,degraded,13.48,77.8,1275.81
BAT-001481,degraded,14.15,76.0,543.65
BAT-001482,degraded,7.79,87.6,327.47
BAT-001483,optimal,2.89,93.1,88.5
BAT-001484,degraded,5.93,89.2,351.56
BAT-001485,optimal,3.54,91.6,202.78
BAT-001486,degraded,9.56,83.2,679.05
BAT-001487,optimal,4.68,91.3,262.6
BAT-001488,severe_degradation,16.79,71.4,530.36
BAT-001489,severe_degradation,27.12,51.5,1130.26
BAT-001490,lost,82.73,5.0,4274.78
BAT-001491,optimal,2.83,94.9,109.79
BAT-001492,optimal,4.97,90.4,125.76
BAT-001493,degraded,12.53,77.9,378.45
BAT-001494,degraded,6.68,87.8,357.24
BAT-001495,severe_degradation,29.05,50.8,1483.15
BAT-001496,degraded,9.21,83.6,892.52
BAT-001497,optimal,3.44,93.2,183.26
BAT-001498,optimal,4.4,91.2,243.07
BAT-001499,degraded,6.63,87.2,390.95
BAT-001500,severe_degradation,16.79,69.9,361.65
BAT-001501,degraded,5.01,90.3,145.67
BAT-001502,optimal,3.68,93.5,259.52
BAT-001503,optimal,2.04,98.4,158.21
BAT-001504,optimal,4.52,92.8,200.32
BAT-001505,optimal,2.59,95.9,174.78
BAT-001506,degraded,7.45,87.6,275.74
BAT-001507,degraded,5.73,90.2,384.32
BAT-001508,degraded,9.82,85.1,932.46
BAT-001509,degraded,8.3,84.0,348.14
BAT-001510,severe_degradation,17.53,69.8,860.86
BAT-001511,degraded,7.92,86.4,703.75
BAT-001512,optimal,2.91,95.0,94.35
BAT-001513,degraded,10.5,82.1,480.14
BAT-001514,optimal,2.93,95.5,155.87
BAT-001515,severe_degradation,15.08,74.3,527.42
BAT-001516,degraded,13.85,75.6,1164.32
BAT-001517,degraded,6.44,88.0,374.71
BAT-001518,degraded,14.25,75.2,486.51
BAT-001519,degraded,6.91,88.1,430.77
BAT-001520,severe_degradation,16.16,71.7,327.69
BAT-001521,degraded,5.65,92.0,381.04
BAT-001522,optimal,1.84,95.3,161.46
BAT-001523,degraded,11.0,80.5,636.61
BAT-001524,degraded,13.1,77.6,1330.81
BAT-001525,severe_degradation,15.01,74.3,1441.83
BAT-001526,optimal,4.46,94.2,216.21
BAT-001527,optimal,3.5,93.9,78.1
BAT-001528,optimal,1.46,96.0,125.37
BAT-001529,optimal,2.95,95.9,203.34
BAT-001530,degraded,8.58,86.7,558.15
BAT-001531,degraded,14.24,75.7,1037.65
BAT-001532,severe_degradation,15.96,71.4,984.57
BAT-001533,degraded,7.59,87.8,700.52
BAT-001534,severe_degradation,15.04,73.7,584.79
BAT-001535,optimal,3.62,92.9,118.53
BAT-001536,optimal,1.75,96.8,168.43
BAT-001537,degraded,7.38,86.8,275.31
BAT-001538,optimal,0.57,98.5,13.54
BAT-001539,lost,77.77,5.0,4500.14
BAT-001540,optimal,3.13,95.1,126.07
BAT-001541,severe_degradation,16.42,71.1,683.37
BAT-001542,lost,78.44,5.0,1854.93
BAT-001543,optimal,4.18,92.7,263.1
BAT-001544,optimal,2.26,94.9,72.87
BAT-001545,severe_degradation,16.33,72.3,1127.72
BAT-001546,severe_degradation,19.04,66.2,635.64
BAT-001547,degraded,5.05,91.9,187.38
BAT-001548,degraded,8.62,85.5,271.79
BAT-001549,degraded,6.12,88.8,305.81
BAT-001550,lost,56.86,5.0,2475.6
BAT-001551,optimal,4.38,91.9,220.54
BAT-001552,degraded,12.26,80.7,643.75
BAT-001553,severe_degradation,16.63,72.0,936.24
BAT-001554,optimal,4.9,91.5,325.86
BAT-001555,degraded,5.47,92.2,143.73
BAT-001556,severe_degradation,18.76,66.4,948.99
BAT-001557,optimal,1.45,96.9,32.4
BAT-001558,degraded,5.99,91.3,189.49
BAT-001559,degraded,8.56,85.4,323.73
BAT-001560,degraded,10.12,82.9,479.66
BAT-001561,optimal,3.32,95.2,203.81
BAT-001562,optimal,3.0,96.5,137.95
BAT-001563,degraded,10.54,81.1,697.76
BAT-001564,degraded,14.98,73.4,594.26
BAT-001565,severe_degradation,30.05,48.1,1314.07
BAT-001566,optimal,3.63,93.5,163.13
BAT-001567,degraded,10.29,82.2,796.78
BAT-001568,optimal,3.9,92.8,224.13
BAT-001569,optimal,0.47,98.5,23.56
BAT-001570,optimal,2.45,95.2,131.57
BAT-001571,degraded,14.92,74.1,770.82
BAT-001572,degraded,10.65,82.1,470.61
BAT-001573,degraded,6.98,86.9,487.91
BAT-001574,optimal,2.93,95.7,156.98
BAT-001575,degraded,10.6,80.1,429.16
BAT-001576,optimal,3.62,93.2,167.79
BAT-001577,degraded,7.19,87.0,656.46
BAT-001578,degraded,5.71,88.9,502.32
BAT-001579,severe_degradation,27.69,51.7,595.34
BAT-001580,severe_degradation,20.35,64.3,1526.66
BAT-001581,degraded,5.32,91.1,428.07
BAT-001582,optimal,2.2,95.7,186.31
BAT-001583,degraded,14.19,75.6,602.66
BAT-001584,optimal,2.81,95.3,215.22
BAT-001585,severe_degradation,22.09,60.5,1481.63
BAT-001586,optimal,1.1,98.5,60.48
BAT-001587,severe_degradation,20.48,64.3,495.65
BAT-001588,severe_degradation,17.64,69.3,1095.35
BAT-001589,optimal,4.71,90.2,137.38
BAT-001590,optimal,3.88,92.6,121.73
BAT-001591,severe_degradation,21.41,63.6,1819.8
BAT-001592,optimal,4.19,90.7,217.91
BAT-001593,lost,88.79,5.0,3484.52
BAT-001594,optimal,4.01,91.4,230.99
BAT-001595,severe_degradation,23.73,60.4,1571.7
BAT-001596,severe_degradation,24.36,58.2,1259.99
BAT-001597,optimal,1.9,96.5,96.87
BAT-001598,degraded,6.29,88.8,610.46
BAT-001599,optimal,0.75,98.5,39.44
BAT-001600,severe_degradation,18.54,67.5,411.17
BAT-001601,optimal,1.49,98.5,83.53
BAT-001602,optimal,1.67,97.3,45.16
BAT-001603,degraded,14.95,74.4,1061.26
BAT-001604,severe_degradation,20.73,63.7,470.28
BAT-001605,degraded,11.16,79.6,557.75
BAT-001606,severe_degradation,19.92,66.3,1834.65
BAT-001607,optimal,2.05,97.9,78.02
BAT-001608,degraded,6.19,87.1,131.91
BAT-001609,severe_degradation,18.14,69.4,1217.74
BAT-001610,degraded,7.94,86.5,755.09
BAT-001611,lost,77.21,5.0,3708.45
BAT-001612,optimal,1.51,98.3,33.34
BAT-001613,degraded,10.81,80.3,502.76
BAT-001614,severe_degradation,25.91,54.6,1509.89
BAT-001615,optimal,4.49,90.6,269.15
BAT-001616,lost,41.77,27.9,2157.52
BAT-001617,severe_degradation,15.54,73.7,500.73
BAT-001618,severe_degradation,31.76,45.5,3035.12
BAT-001619,degraded,14.85,73.3,377.81
BAT-001620,optimal,4.52,93.1,188.51
BAT-001621,severe_degradation,18.61,68.3,368.36
BAT-001622,degraded,5.14,90.9,240.39
BAT-001623,severe_degradation,16.89,70.3,1122.07
BAT-001624,severe_degradation,18.61,68.6,1566.36
BAT-001625,severe_degradation,15.71,71.2,622.44
BAT-001626,severe_degradation,22.89,60.9,1139.97
BAT-001627,lost,79.8,5.0,2172.93
BAT-001628,optimal,2.84,94.7,233.19
BAT-001629,optimal,0.51,98.5,34.72
BAT-001630,optimal,0.86,98.5,70.75
BAT-001631,degraded,10.61,81.6,389.77
BAT-001632,severe_degradation,21.05,64.4,1250.74
BAT-001633,severe_degradation,16.24,72.6,1422.74
BAT-001634,degraded,5.27,90.2,359.44
BAT-001635,degraded,7.66,86.5,714.4
BAT-001636,degraded,9.01,84.5,326.36
BAT-001637,optimal,3.97,93.5,225.53
BAT-001638,optimal,1.02,97.5,35.35
BAT-001639,severe_degradation,15.62,73.8,862.63
BAT-001640,degraded,5.15,91.4,284.2
BAT-001641,degraded,13.06,77.5,367.68
BAT-001642,degraded,7.76,88.1,609.31
BAT-001643,degraded,10.81,82.1,398.11
BAT-001644,severe_degradation,21.8,62.8,2087.19
BAT-001645,optimal,4.72,91.1,253.44
BAT-001646,severe_degradation,18.52,68.0,397.0
BAT-001647,degraded,10.88,83.1,878.52
BAT-001648,lost,42.26,25.5,1163.31
BAT-001649,degraded,14.25,76.2,597.0
BAT-001650,optimal,1.58,95.2,133.0
BAT-001651,degraded,11.66,80.7,470.29
BAT-001652,severe_degradation,24.68,57.2,1740.5
BAT-001653,severe_degradation,19.73,65.6,1444.75
BAT-001654,degraded,5.57,90.0,391.82
BAT-001655,lost,80.16,5.0,2385.68
BAT-001656,optimal,2.38,95.3,71.38
BAT-001657,degraded,13.64,77.8,959.21
BAT-001658,optimal,1.31,96.9,36.9
BAT-001659,severe_degradation,19.27,66.6,1634.62
BAT-001660,lost,78.75,5.0,1953.61
BAT-001661,degraded,9.36,85.0,1027.35
BAT-001662,severe_degradation,22.99,61.3,1766.12
BAT-001663,optimal,0.47,98.5,13.2
BAT-001664,degraded,12.33,78.4,1026.4
BAT-001665,degraded,9.45,83.3,492.12
BAT-001666,severe_degradation,21.06,63.3,424.61
BAT-001667,degraded,11.71,81.0,248.21
BAT-001668,lost,94.9,5.0,3544.58
BAT-001669,severe_degradation,27.41,53.7,1285.94
BAT-001670,severe_degradation,18.34,68.7,652.59
BAT-001671,severe_degradation,18.19,68.1,677.36
BAT-001672,degraded,8.22,87.0,633.32
BAT-001673,optimal,1.82,96.0,138.92
BAT-001674,optimal,4.63,92.3,375.47
BAT-001675,optimal,4.78,91.9,304.48
BAT-001676,degraded,7.56,86.5,585.19
BAT-001677,optimal,1.87,96.7,117.98
BAT-001678,lost,92.69,5.0,3488.27
BAT-001679,optimal,4.86,91.0,247.99
BAT-001680,optimal,4.22,93.2,400.93
BAT-001681,degraded,5.78,91.1,556.39
BAT-001682,degraded,9.95,83.4,624.93
BAT-001683,severe_degradation,17.73,68.6,771.29
BAT-001684,optimal,4.03,92.4,96.53
BAT-001685,lost,81.56,5.0,2253.56
BAT-001686,optimal,3.15,93.0,276.31
BAT-001687,optimal,1.28,96.7,71.95
BAT-001688,degraded,5.63,90.7,440.46
BAT-001689,optimal,1.27,97.7,46.34
BAT-001690,degraded,13.03,79.1,678.14
BAT-001691,severe_degradation,19.52,65.9,440.77
BAT-001692,optimal,2.98,95.3,141.4
BAT-001693,severe_degradation,19.62,67.0,1119.57
BAT-001694,severe_degradation,18.46,69.4,811.38
BAT-001695,optimal,2.72,94.0,203.46
BAT-001696,optimal,4.49,90.9,182.35
BAT-001697,degraded,13.02,76.6,488.51
BAT-001698,optimal,4.52,92.2,370.93
BAT-001699,degraded,9.3,84.1,371.88
BAT-001700,severe_degradation,17.33,68.3,1410.74
BAT-001701,severe_degradation,16.21,71.3,1126.0
BAT-001702,degraded,8.57,83.6,486.38
BAT-001703,severe_degradation,20.68,64.4,436.32
BAT-001704,degraded,9.83,82.9,449.82
BAT-001705,lost,64.91,5.0,6389.98
BAT-001706,optimal,2.15,94.1,70.33
BAT-001707,severe_degradation,25.82,55.3,1298.97
BAT-001708,optimal,2.93,94.4,131.13
BAT-001709,severe_degradation,26.41,53.6,670.96
BAT-001710,optimal,2.78,93.7,100.22
BAT-001711,optimal,3.99,91.5,370.76
BAT-001712,optimal,4.69,90.2,160.54
BAT-001713,severe_degradation,18.16,68.5,568.39
BAT-001714,degraded,10.17,81.4,285.36
BAT-001715,optimal,1.27,98.5,66.41
BAT-001716,lost,81.84,5.0,2502.79
BAT-001717,optimal,3.64,92.0,201.48
BAT-001718,severe_degradation,16.28,72.0,758.9
BAT-001719,lost,51.36,12.4,3624.47
BAT-001720,degraded,11.59,79.5,1016.89
BAT-001721,degraded,14.31,73.1,737.28
BAT-001722,severe_degradation,15.15,74.8,669.67
BAT-001723,severe_degradation,16.59,71.0,860.42
BAT-001724,lost,65.0,5.0,1728.29
BAT-001725,lost,44.45,24.6,3409.86
BAT-001726,degraded,14.4,75.4,512.77
BAT-001727,optimal,3.01,96.3,150.1
BAT-001728,optimal,4.71,90.8,128.51
BAT-001729,optimal,3.91,91.6,135.39
BAT-001730,degraded,8.63,85.3,547.11
BAT-001731,optimal,3.48,93.3,131.04
BAT-001732,severe_degradation,16.93,70.3,670.41
BAT-001733,optimal,4.52,90.6,216.19
BAT-001734,lost,41.61,27.4,1269.64
BAT-001735,optimal,1.92,97.6,147.31
BAT-001736,optimal,4.1,93.9,258.32
BAT-001737,severe_degradation,22.33,62.0,997.78
BAT-001738,optimal,3.2,94.4,297.7
BAT-001739,optimal,3.74,92.6,199.84
BAT-001740,degraded,5.16,91.7,442.32
BAT-001741,optimal,3.4,92.2,213.8
BAT-001742,lost,50.13,14.2,1678.04
BAT-001743,optimal,3.92,90.9,308.43
BAT-001744,optimal,4.45,92.0,431.73
BAT-001745,severe_degradation,15.83,74.0,924.16
BAT-001746,severe_degradation,30.18,47.7,1831.27
BAT-001747,degraded,6.61,89.5,193.1
BAT-001748,optimal,4.21,91.9,292.26
BAT-001749,degraded,10.51,81.5,435.36
BAT-001750,degraded,13.34,76.9,473.96
BAT-001751,degraded,13.67,74.5,665.44
BAT-001752,severe_degradation,20.37,63.0,2070.86
BAT-001753,severe_degradation,22.49,60.9,1023.72
BAT-001754,lost,86.94,5.0,3219.19
BAT-001755,degraded,7.49,87.2,351.98
BAT-001756,severe_degradation,17.9,67.8,1140.56
BAT-001757,optimal,3.49,94.1,266.38
BAT-001758,degraded,14.96,73.0,895.99
BAT-001759,optimal,3.11,94.0,129.42
BAT-001760,degraded,8.74,85.4,435.86
BAT-001761,degraded,5.22,91.2,171.86
BAT-001762,severe_degradation,18.36,67.5,790.15
BAT-001763,severe_degradation,17.07,68.8,1621.61
BAT-001764,optimal,3.17,93.7,144.96
BAT-001765,severe_degradation,19.24,66.1,1088.4
BAT-001766,degraded,8.44,86.2,576.3
BAT-001767,degraded,11.36,79.5,1085.09
BAT-001768,lost,60.59,5.0,3546.33
BAT-001769,severe_degradation,24.41,58.0,1083.28
BAT-001770,severe_degradation,19.75,65.3,673.98
BAT-001771,degraded,8.22,85.9,284.58
BAT-001772,optimal,3.7,93.8,201.9
BAT-001773,degraded,13.24,77.4,738.81
BAT-001774,optimal,1.47,95.7,129.57
BAT-001775,optimal,2.3,95.4,122.77
BAT-001776,optimal,3.41,93.8,352.93
BAT-001777,degraded,9.8,82.1,378.38
BAT-001778,optimal,3.09,93.7,177.88
BAT-001779,degraded,14.04,73.5,624.45
BAT-001780,optimal,4.54,90.3,311.14
BAT-001781,degraded,5.0,91.1,188.06
BAT-001782,lost,83.96,5.0,2840.58
BAT-001783,severe_degradation,19.91,65.9,1149.6
BAT-001784,degraded,8.05,85.7,177.03
BAT-001785,severe_degradation,16.44,72.1,983.37
BAT-001786,lost,41.3,28.2,2135.73
BAT-001787,severe_degradation,19.39,66.6,464.43
BAT-001788,severe_degradation,15.68,74.9,793.16
BAT-001789,severe_degradation,17.44,69.6,1173.43
BAT-001790,degraded,5.75,90.1,357.6
BAT-001791,degraded,6.12,89.5,213.22
BAT-001792,optimal,1.57,96.1,68.36
BAT-001793,degraded,6.47,91.5,249.56
BAT-001794,degraded,10.59,81.5,1015.9
BAT-001795,optimal,1.06,96.5,63.84
BAT-001796,severe_degradation,15.01,73.7,1034.23
BAT-001797,severe_degradation,19.41,67.6,1458.88
BAT-001798,severe_degradation,18.58,68.9,1065.37
BAT-001799,severe_degradation,23.0,59.3,1104.86
BAT-001800,degraded,10.85,79.6,664.54
